NAME,PER,K,MASS,MASSUPPER,MASSLOWER,UMASS,R,RUPPER,RLOWER,UR,DENSITY,DENSITYUPPER,DENSITYLOWER,UDENSITY,TRANSITREF,TRANSITURL,ORBREF,ORBURL
K2-19 b,,,0.187,0.023,0.0359,,0.691,0.035,0.035,,,,,,,,,
K2-19 c,,,0.031,0.0123,0.0063,,0.434,0.055,0.039,,,,,,,,,
K2-3 b,,,0.026,0.0066,0.0066,,0.194,0.03,0.03,,,,,,,,,
K2-3 c,,,0.0066,0.0066,0.0041,,0.165,0.024,0.024,,,,,,,,,
K2-3 d,,,0.0349,0.011,0.011,,0.135,0.021,0.021,,,,,,,,,
K2-24 b,,,0.0661,0.017,0.017,,0.52,0.054,0.054,,,,,,,,,
K2-24 c,,,0.085,0.022,0.022,,0.723,0.073,0.073,,,,,,,,,
GJ 1132 b,,,0.0051,0.0017,0.0017,,0.103,0.0098,0.0098,,,,,,,,,
EPIC 204221263 b,,,0.038,0.009,0.009,,0.138,0.014,0.014,,,,,,,,,
EPIC 204221263 c,,,0.031,0.014,0.014,,0.22,0.03,0.03,,,,,,,,,
55 Cnc e,0.736546,6.3,0.0263671,0.00123472,0.00123472,0.00123472,0.185565,0.0142742,0.0142742,0.0142742,4.173,0.602,0.602,0.602,Demory 2011,http://adsabs.harvard.edu/abs/2011A%26A...533A.114D,Endl 2012,http://adsabs.harvard.edu/abs/2012ApJ...759...19E
CoRoT-1 b,1.5089557,188,1.02979,0.123566,0.123566,0.123566,1.49,0.08,0.08,0.08,0.38,0.05,0.05,0.05,Barge 2008,http://adsabs.harvard.edu/abs/2008A%26A...482L..17B,Barge 2008,http://adsabs.harvard.edu/abs/2008A%26A...482L..17B
CoRoT-10 b,13.2406,301,2.75536,0.160035,0.160035,0.160035,0.97,0.07,0.07,0.07,3.7,0.83,0.83,0.83,Bonomo 2010,http://adsabs.harvard.edu/abs/2010A&A...520A..65B,Bonomo 2010,http://adsabs.harvard.edu/abs/2010A&A...520A..65B
CoRoT-11 b,2.99433,280,2.34813,0.342013,0.342013,0.342013,1.43,0.03,0.03,0.03,0.99,0.15,0.15,0.15,Gandolfi 2010,http://adsabs.harvard.edu/abs/2010A&A...524A..55G,Gandolfi 2010,http://adsabs.harvard.edu/abs/2010A&A...524A..55G
CoRoT-12 b,2.828042,125.5,0.91918,0.0706803,0.0706803,0.0706803,1.44,0.13,0.13,0.13,0.41097,0.12901,0.09443,0.11172,Gillon 2010,http://adsabs.harvard.edu/abs/2010A%26A...520A..97G,Gillon 2010,http://adsabs.harvard.edu/abs/2010A%26A...520A..97G
CoRoT-13 b,4.03519,157.8,1.31099,0.0774259,0.0774259,0.0774259,0.885,0.014,0.014,0.014,2.34,0.23,0.23,0.23,Cabrera 2010,http://adsabs.harvard.edu/abs/2010A&A...522A.110C,Cabrera 2010,http://adsabs.harvard.edu/abs/2010A&A...522A.110C
CoRoT-14 b,1.51214,1230,7.69464,0.453047,0.453047,0.453047,1.09,0.07,0.07,0.07,7.3,1.5,1.5,1.5,Tingley 2011,http://adsabs.harvard.edu/abs/2011A%26A...528A..97T,Tingley 2011,http://adsabs.harvard.edu/abs/2011A%26A...528A..97T
CoRoT-16 b,5.35227,61.96,0.537982,0.0875118,0.0875118,0.0875118,1.17,0.14,0.16,0.15,0.44,0.21,0.14,0.175,Ollivier 2012,http://adsabs.harvard.edu/abs/2012A%26A...541A.149O,Ollivier 2012,http://adsabs.harvard.edu/abs/2012A%26A...541A.149O
CoRoT-17 b,3.7681,312.4,2.46001,0.277402,0.277402,0.277402,1.02,0.07,0.07,0.07,2.82,0.38,0.38,0.38,Csizmadia 2011,http://adsabs.harvard.edu/abs/2011A%26A...531A..41C,Csizmadia 2011,http://adsabs.harvard.edu/abs/2011A%26A...531A..41C
CoRoT-18 b,1.9000693,590,3.48652,0.375551,0.375551,0.375551,1.31,0.18,0.18,0.18,2.2,0.8,0.8,0.8,Hebrard 2011,http://adsabs.harvard.edu/abs/2011A%26A...533A.130H,Hebrard 2011,http://adsabs.harvard.edu/abs/2011A%26A...533A.130H
CoRoT-19 b,3.89713,126,1.10792,0.0644029,0.0644029,0.0644029,1.29,0.03,0.03,0.03,0.71,0.06,0.06,0.06,Guenther 2012,http://adsabs.harvard.edu/abs/2012A%26A...537A.136G,Guenther 2012,http://adsabs.harvard.edu/abs/2012A%26A...537A.136G
CoRoT-2 b,1.7429935,563,3.27527,0.170806,0.170806,0.170806,1.466,0.042,0.044,0.043,1.46523,0.07956,0.074256,0.076908,Gillon 2010,http://adsabs.harvard.edu/abs/2010A%26A...511A...3G,Gillon 2010,http://adsabs.harvard.edu/abs/2010A%26A...511A...3G
CoRoT-20 b,9.24285,454,4.24,0.23,0.23,0.23,0.84,0.04,0.04,0.04,8.87,1.1,1.1,1.1,Deleuil 2012,http://adsabs.harvard.edu/abs/2012A%26A...538A.145D,Deleuil 2012,http://adsabs.harvard.edu/abs/2012A%26A...538A.145D
CoRoT-22 b,9.75598,3.7,0.0383,0.044,0.0278,0.0359,0.445,0.015,0.037,0.026,0.249,1,0.098,0.549,Moutou 2014,http://adsabs.harvard.edu/abs/2014MNRAS.444.2783M,Moutou 2014,http://adsabs.harvard.edu/abs/2014MNRAS.444.2783M
CoRoT-23 b,3.6313,377,3.0853,0.312742,0.312742,0.312742,1.05,0.13,0.13,0.13,3,1.1,1.1,1.1,Rouan 2012,http://adsabs.harvard.edu/abs/2012A%26A...537A..54R,Rouan 2012,http://adsabs.harvard.edu/abs/2012A%26A...537A..54R
CoRoT-25 b,4.86069,30,0.27,0.04,0.04,0.04,1.08,0.3,0.1,0.2,0.15,0.15,0.06,0.105,Almenara 2013,http://adsabs.harvard.edu/abs/2013A%26A...555A.118A,Almenara 2013,http://adsabs.harvard.edu/abs/2013A%26A...555A.118A
CoRoT-26 b,4.20474,56.9,0.479479,0.0728247,0.0728247,0.0728247,1.26,0.13,0.07,0.1,0.28,0.09,0.07,0.08,Almenara 2013,http://adsabs.harvard.edu/abs/2013A%26A...555A.118A,Almenara 2013,http://adsabs.harvard.edu/abs/2013A%26A...555A.118A
CoRoT-27 b,3.57532,1326,10.3882,0.768933,0.768933,0.768933,1.007,0.044,0.044,0.044,13.4823,2.03046,2.03046,2.03046,Parviainen 2014,http://adsabs.harvard.edu/abs/2014arXiv1401.1122P,Parviainen 2014,http://adsabs.harvard.edu/abs/2014arXiv1401.1122P
CoRoT-28 b,5.20851,56.4,0.484,0.087,0.087,0.087,0.955,0.066,0.066,0.066,0.69,0.27,0.27,0.27,Cabrera 2015,http://adsabs.harvard.edu/abs/2015A%26A...579A..36C,Cabrera 2015,http://adsabs.harvard.edu/abs/2015A%26A...579A..36C
CoRoT-29 b,2.85057,125,0.85,0.2,0.2,0.2,0.9,0.16,0.16,0.16,1.45,0.74,0.74,0.74,Cabrera 2015,http://adsabs.harvard.edu/abs/2015A%26A...579A..36C,Cabrera 2015,http://adsabs.harvard.edu/abs/2015A%26A...579A..36C
CoRoT-3 b,4.2568,2194,21.8549,0.991675,0.991675,0.991675,1.01,0.07,0.07,0.07,26.4,5.6,5.6,5.6,Deleuil 2008,http://adsabs.harvard.edu/abs/2008A%26A...491..889D,Deleuil 2008,http://adsabs.harvard.edu/abs/2008A%26A...491..889D
CoRoT-4 b,9.20205,63,0.717419,0.0723897,0.0723897,0.0723897,1.19,0.055,0.055,0.055,0.525,0.15,0.15,0.15,Aigrain 2008,http://adsabs.harvard.edu/abs/2008A%26A...488L..43A,Moutou 2008,http://adsabs.harvard.edu/abs/2008A%26A...488L..47M
CoRoT-5 b,4.0378962,59.1,0.462537,0.0395129,0.0395129,0.0395129,1.388,0.046,0.047,0.0465,0.217,0.031,0.025,0.028,Rauer 2009,http://adsabs.harvard.edu/abs/2009A%26A...506..281R,Rauer 2009,http://adsabs.harvard.edu/abs/2009A%26A...506..281R
CoRoT-6 b,8.886593,280,2.95364,0.331379,0.331379,0.331379,1.166,0.035,0.035,0.035,2.32,0.31,0.31,0.31,Fridlund 2010,http://adsabs.harvard.edu/abs/2010A%26A...512A..14F,Fridlund 2010,http://adsabs.harvard.edu/abs/2010A%26A...512A..14F
CoRoT-7 b,0.85359163,3.1,0.014,0.0031,0.0031,0.0031,0.143989,0.009113,0.009113,0.009113,6.21,1.37,1.37,1.37,Leger 2009,http://adsabs.harvard.edu/abs/2009A%26A...506..287L,Haywood 2014,http://adsabs.harvard.edu/abs/2014MNRAS.443.2517H
CoRoT-8 b,6.21229,26,0.216078,0.0340009,0.0340009,0.0340009,0.57,0.02,0.02,0.02,1.6,0.1,0.1,0.1,Borde 2010,http://adsabs.harvard.edu/abs/2010A%26A...520A..66B,Borde 2010,http://adsabs.harvard.edu/abs/2010A%26A...520A..66B
CoRoT-9 b,95.2738,38,0.843564,0.0723876,0.0723876,0.0723876,1.05,0.04,0.04,0.04,0.9,0.13,0.13,0.13,Deeg 2010,http://adsabs.harvard.edu/abs/2010Natur.464..384D,Deeg 2010,http://adsabs.harvard.edu/abs/2010Natur.464..384D
GJ 1214 b,1.58040482,12.2,0.0203507,0.00313354,0.00313354,0.00313354,0.2389,0.01159,0.01159,0.01159,1.87,0.4,0.4,0.4,Carter 2011,http://adsabs.harvard.edu/abs/2011ApJ...730...82C,Carter 2011,http://adsabs.harvard.edu/abs/2011ApJ...730...82C
GJ 3470 b,3.336649,9.01,0.0440093,0.00515696,0.00515696,0.00515696,0.374365,0.0534807,0.0534807,0.0534807,1.07,0.43,0.43,0.43,Nascimbeni 2013,http://adsabs.harvard.edu/abs/2013A%26A...559A..32N,Bonfils 2012,http://adsabs.harvard.edu/abs/2012A%26A...546A..27B
GJ 436 b,2.64385,18.34,0.0726979,0.00318297,0.00318297,0.00318297,0.3767,0.0082,0.0092,0.0087,1.69,0.14,0.12,0.13,Torres 2008,http://adsabs.harvard.edu/abs/2008ApJ...677.1324T,Maness 2007,http://adsabs.harvard.edu/abs/2007PASP..119...90M
HAT-P-1 b,4.4652934,60.3,0.532369,0.0303524,0.0303524,0.0303524,1.242,0.053,0.053,0.053,0.345,0.053,0.043,0.048,Torres 2008,http://adsabs.harvard.edu/abs/2008ApJ...677.1324T,Bakos 2007,http://adsabs.harvard.edu/abs/2007ApJ...656..552B
HAT-P-11 b,4.8878162,11.6,0.0825354,0.00900141,0.00900141,0.00900141,0.422,0.014,0.014,0.014,1.33,0.2,0.2,0.2,Bakos 2010,http://adsabs.harvard.edu/abs/2010ApJ...710.1724B,Bakos 2010,http://adsabs.harvard.edu/abs/2010ApJ...710.1724B
HAT-P-12 b,3.2130598,35.8,0.210804,0.0132095,0.0132095,0.0132095,0.959,0.029,0.021,0.025,0.295,0.025,0.025,0.025,Hartman 2009,http://adsabs.harvard.edu/abs/2009ApJ...706..785H,Hartman 2009,http://adsabs.harvard.edu/abs/2009ApJ...706..785H
HAT-P-13 b,2.91625,106.04,0.85708,0.0353823,0.0353823,0.0353823,1.281,0.079,0.079,0.079,0.499,0.1,0.1,0.1,Winn 2010,http://adsabs.harvard.edu/abs/2010ApJ...718..575W,Winn 2010,http://adsabs.harvard.edu/abs/2010ApJ...718..575W
HAT-P-14 b,4.627669,219,2.23603,0.0813306,0.0813306,0.0813306,1.15,0.052,0.052,0.052,1.82,0.24,0.24,0.24,Torres 2010,http://adsabs.harvard.edu/abs/2010ApJ...715..458T,Torres 2010,http://adsabs.harvard.edu/abs/2010ApJ...715..458T
HAT-P-15 b,10.863502,180.6,1.95154,0.0755914,0.0755914,0.0755914,1.072,0.043,0.043,0.043,1.96,0.22,0.22,0.22,Kovacs 2010,http://adsabs.harvard.edu/abs/2010ApJ...724..866K,Kovacs 2010,http://adsabs.harvard.edu/abs/2010ApJ...724..866K
HAT-P-16 b,2.77596,531.1,4.2025,0.141576,0.141576,0.141576,1.289,0.066,0.066,0.066,2.42,0.35,0.35,0.35,Buchhave 2010,http://adsabs.harvard.edu/abs/2010ApJ...720.1118B,Buchhave 2010,http://adsabs.harvard.edu/abs/2010ApJ...720.1118B
HAT-P-17 b,10.338523,58.4,0.530158,0.0195219,0.0195219,0.0195219,1.01,0.029,0.029,0.029,0.64,0.05,0.05,0.05,Howard 2012,http://adsabs.harvard.edu/abs/2012ApJ...749..134H,Howard 2012,http://adsabs.harvard.edu/abs/2012ApJ...749..134H
HAT-P-18 b,5.508023,27.1,0.197205,0.0133916,0.0133916,0.0133916,0.995,0.052,0.052,0.052,0.25,0.04,0.04,0.04,Hartman 2011,http://adsabs.harvard.edu/abs/2011ApJ...726...52H,Hartman 2011,http://adsabs.harvard.edu/abs/2011ApJ...726...52H
HAT-P-19 b,4.008778,42,0.292273,0.0175742,0.0175742,0.0175742,1.132,0.072,0.072,0.072,0.25,0.04,0.04,0.04,Hartman 2011,http://adsabs.harvard.edu/abs/2011ApJ...726...52H,Hartman 2011,http://adsabs.harvard.edu/abs/2011ApJ...726...52H
HAT-P-2 b,5.6334729,983.9,8.87065,0.4059,0.4059,0.4059,1.157,0.073,0.063,0.068,7.29,1.12,1.12,1.12,Pal 2010,http://adsabs.harvard.edu/abs/2010MNRAS.401.2665P,Pal 2010,http://adsabs.harvard.edu/abs/2010MNRAS.401.2665P
HAT-P-20 b,2.875317,1246,7.28953,0.247177,0.247177,0.247177,0.867,0.033,0.033,0.033,13.78,1.5,1.5,1.5,Bakos 2011,http://adsabs.harvard.edu/abs/2011ApJ...742..116B,Bakos 2011,http://adsabs.harvard.edu/abs/2011ApJ...742..116B
HAT-P-21 b,4.124481,548.3,4.07833,0.172661,0.172661,0.172661,1.024,0.092,0.092,0.092,4.68,1.29,1.29,1.29,Bakos 2011,http://adsabs.harvard.edu/abs/2011ApJ...742..116B,Bakos 2011,http://adsabs.harvard.edu/abs/2011ApJ...742..116B
HAT-P-22 b,3.21222,313.3,2.15137,0.077182,0.077182,0.077182,1.08,0.058,0.058,0.058,2.11,0.345,0.345,0.345,Bakos 2011,http://adsabs.harvard.edu/abs/2011ApJ...742..116B,Bakos 2011,http://adsabs.harvard.edu/abs/2011ApJ...742..116B
HAT-P-23 b,1.212884,368.5,2.09606,0.122033,0.122033,0.122033,1.368,0.09,0.09,0.09,1.01,0.18,0.18,0.18,Bakos 2011,http://adsabs.harvard.edu/abs/2011ApJ...742..116B,Bakos 2011,http://adsabs.harvard.edu/abs/2011ApJ...742..116B
HAT-P-24 b,3.35524,83,0.685857,0.0362279,0.0362279,0.0362279,1.242,0.067,0.067,0.067,0.44,0.07,0.07,0.07,Kipping 2010,http://adsabs.harvard.edu/abs/2010ApJ...725.2017K,Kipping 2010,http://adsabs.harvard.edu/abs/2010ApJ...725.2017K
HAT-P-25 b,3.652836,74.3,0.567181,0.0263065,0.0263065,0.0263065,1.19,0.081,0.056,0.0685,3,0.04,0.06,0.05,Quinn 2012,http://adsabs.harvard.edu/abs/2012ApJ...745...80Q,Quinn 2012,http://adsabs.harvard.edu/abs/2012ApJ...745...80Q
HAT-P-26 b,4.234516,8.5,0.0586489,0.00718301,0.00718301,0.00718301,0.565,0.052,0.052,0.052,0.4,0.1,0.1,0.1,Hartman 2011,http://adsabs.harvard.edu/abs/2011ApJ...728..138H,Hartman 2011,http://adsabs.harvard.edu/abs/2011ApJ...728..138H
HAT-P-27 b,3.039577,91.2,0.617485,0.0299545,0.0299545,0.0299545,1.02,0.07,0.06,0.065,0.771559,0.152214,0.152214,0.152214,Brown 2012,http://adsabs.harvard.edu/abs/2012ApJ...760..139B,Brown 2012,http://adsabs.harvard.edu/abs/2012ApJ...760..139B
HAT-P-28 b,3.257215,84.7,0.627833,0.0375046,0.0375046,0.0375046,1.212,0.0975,0.0975,0.0975,0.44,0.09,0.09,0.09,Buchhave 2011,http://adsabs.harvard.edu/abs/2011ApJ...733..116B,Buchhave 2011,http://adsabs.harvard.edu/abs/2011ApJ...733..116B
HAT-P-29 b,5.723186,78.3,0.779004,0.0641995,0.0641995,0.0641995,1.107,0.109,0.109,0.109,0.71,0.18,0.18,0.18,Buchhave 2011,http://adsabs.harvard.edu/abs/2011ApJ...733..116B,Buchhave 2011,http://adsabs.harvard.edu/abs/2011ApJ...733..116B
HAT-P-3 b,2.899703,89.1,0.595712,0.0248415,0.0248415,0.0248415,0.899,0.043,0.049,0.046,1.02,0.19,0.14,0.165,Torres 2008,http://adsabs.harvard.edu/abs/2008ApJ...677.1324T,Torres 2008,http://adsabs.harvard.edu/abs/2008ApJ...677.1324T
HAT-P-30 b,2.810595,88.1,0.711088,0.0354378,0.0354378,0.0354378,1.34,0.065,0.065,0.065,0.37,0.05,0.05,0.05,Johnson 2011,http://adsabs.harvard.edu/abs/2011ApJ...735...24J,Johnson 2011,http://adsabs.harvard.edu/abs/2011ApJ...735...24J
HAT-P-31 b,5.005425,232.5,2.16904,0.0907295,0.0907295,0.0907295,1.07,0.48,0.32,0.4,2.18,1.24,0.93,1.085,Kipping 2011,http://adsabs.harvard.edu/abs/2011AJ....142...95K,Kipping 2011,http://adsabs.harvard.edu/abs/2011AJ....142...95K
HAT-P-32 b,2.150008,122.8,0.861516,0.165246,0.165246,0.165246,1.789,0.025,0.025,0.025,0.19,0.04,0.04,0.04,Hartman 2011,http://adsabs.harvard.edu/abs/2011ApJ...742...59H,Hartman 2011,http://adsabs.harvard.edu/abs/2011ApJ...742...59H
HAT-P-33 b,3.474474,82.7,0.763256,0.102748,0.102748,0.102748,1.686,0.045,0.045,0.045,0.2,0.03,0.03,0.03,Hartman 2011,http://adsabs.harvard.edu/abs/2011ApJ...742...59H,Hartman 2011,http://adsabs.harvard.edu/abs/2011ApJ...742...59H
HAT-P-34 b,5.452654,343.1,3.334,0.241769,0.241769,0.241769,1.197,0.128,0.092,0.11,2.4,0.63,0.63,0.63,Bakos 2012,http://adsabs.harvard.edu/abs/2012AJ....144...19B,Bakos 2012,http://adsabs.harvard.edu/abs/2012AJ....144...19B
HAT-P-35 b,3.646706,120.7,1.05422,0.0400093,0.0400093,0.0400093,1.332,0.098,0.098,0.098,0.55,0.11,0.11,0.11,Bakos 2012,http://adsabs.harvard.edu/abs/2012AJ....144...19B,Bakos 2012,http://adsabs.harvard.edu/abs/2012AJ....144...19B
HAT-P-36 b,1.327347,334.7,1.83923,0.10036,0.10036,0.10036,1.264,0.071,0.071,0.071,1.12,0.19,0.19,0.19,Bakos 2012,http://adsabs.harvard.edu/abs/2012AJ....144...19B,Bakos 2012,http://adsabs.harvard.edu/abs/2012AJ....144...19B
HAT-P-37 b,2.79736,177.7,1.17362,0.105162,0.105162,0.105162,1.178,0.077,0.077,0.077,0.89,0.19,0.19,0.19,Bakos 2012,http://adsabs.harvard.edu/abs/2012AJ....144...19B,Bakos 2012,http://adsabs.harvard.edu/abs/2012AJ....144...19B
HAT-P-38 b,4.640382,35.4,0.267569,0.0202231,0.0202231,0.0202231,0.825,0.092,0.063,0.0775,0.59,0.16,0.16,0.16,Sato 2012,http://adsabs.harvard.edu/abs/2012PASJ...64...97S,Sato 2012,http://adsabs.harvard.edu/abs/2012PASJ...64...97S
HAT-P-39 b,3.54387,63.6,0.599196,0.0998597,0.0998597,0.0998597,1.571,0.108,0.81,0.459,0.19,0.04,0.04,0.04,Hartman 2012,http://adsabs.harvard.edu/abs/2012AJ....144..139H,Hartman 2012,http://adsabs.harvard.edu/abs/2012AJ....144..139H
HAT-P-4 b,3.056536,81.1,0.671507,0.0359131,0.0359131,0.0359131,1.274,0.049,0.06,0.0545,0.403,0.065,0.039,0.052,Torres 2008,http://adsabs.harvard.edu/abs/2008ApJ...677.1324T,Kovacs 2007,http://adsabs.harvard.edu/abs/2007ApJ...670L..41K
HAT-P-40 b,4.457243,58.1,0.6202,0.082426,0.082426,0.082426,1.73,0.062,0.062,0.062,0.15,0.01,0.01,0.01,Hartman 2012,http://adsabs.harvard.edu/abs/2012AJ....144..139H,Hartman 2012,http://adsabs.harvard.edu/abs/2012AJ....144..139H
HAT-P-41 b,2.694047,92.5,0.800254,0.103757,0.103757,0.103757,1.685,0.076,0.051,0.0635,0.2,0.03,0.03,0.03,Hartman 2012,http://adsabs.harvard.edu/abs/2012AJ....144..139H,Hartman 2012,http://adsabs.harvard.edu/abs/2012AJ....144..139H
HAT-P-44 b,4.301219,45.9,0.352,0.029,0.029,0.029,1.242,0.106,0.051,0.0785,0.235151,0.0489933,0.0489933,0.0489933,Hartman 2014,http://adsabs.harvard.edu/abs/2014AJ....147..128H,Hartman 2014,http://adsabs.harvard.edu/abs/2014AJ....147..128H
HAT-P-45 b,3.128992,106.6,0.892,0.137,0.099,0.118,1.426,0.175,0.087,0.131,0.409025,0.124971,0.124971,0.124971,Hartman 2014,http://adsabs.harvard.edu/abs/2014AJ....147..128H,Hartman 2014,http://adsabs.harvard.edu/abs/2014AJ....147..128H
HAT-P-46 b,4.463129,52.2,0.493,0.082,0.052,0.067,1.284,0.271,0.133,0.202,0.311583,0.15314,0.15314,0.15314,Hartman 2014,http://adsabs.harvard.edu/abs/2014AJ....147..128H,Hartman 2014,http://adsabs.harvard.edu/abs/2014AJ....147..128H
HAT-P-49 b,2.691548,188.7,1.72959,0.208387,0.208387,0.208387,1.413,0.128,0.077,0.1025,0.812942,0.202323,0.202323,0.202323,Bieryla 2014,http://adsabs.harvard.edu/abs/2014arXiv1401.5460B,Bieryla 2014,http://adsabs.harvard.edu/abs/2014arXiv1401.5460B
HAT-P-5 b,2.788491,138,1.05561,0.113354,0.113354,0.113354,1.254,0.051,0.056,0.0535,0.66,0.12,0.1,0.11,Torres 2008,http://adsabs.harvard.edu/abs/2008ApJ...677.1324T,Bakos 2007,http://adsabs.harvard.edu/abs/2007ApJ...671L.173B
HAT-P-54 b,3.799847,132.6,0.76,0.032,0.032,0.032,0.944,0.028,0.028,0.028,1.118,0.098,0.098,0.098,Bakos 2015,http://adsabs.harvard.edu/abs/2015AJ....149..149B,Bakos 2015,http://adsabs.harvard.edu/abs/2015AJ....149..149B
HAT-P-6 b,3.852985,115.5,1.05957,0.0522928,0.0522928,0.0522928,1.33,0.064,0.058,0.061,0.559,0.086,0.076,0.081,Torres 2008,http://adsabs.harvard.edu/abs/2008ApJ...677.1324T,Noyes 2008,http://adsabs.harvard.edu/abs/2008ApJ...673L..79N
HAT-P-7 b,2.204737,211.8,1.7916,0.0631816,0.0631816,0.0631816,1.363,0.195,0.087,0.141,0.876,0.17,0.24,0.205,Winn 2009,http://adsabs.harvard.edu/abs/2009ApJ...703L..99W,Morris 2013,http://adsabs.harvard.edu/abs/2013ApJ...764L..22M
HAT-P-8 b,3.076337,153.1,1.29336,0.0542198,0.0542198,0.0542198,1.5,0.07,0.07,0.07,0.568,0.048,0.048,0.048,Latham 2009,http://adsabs.harvard.edu/abs/2009ApJ...704.1107L,Latham 2009,http://adsabs.harvard.edu/abs/2009ApJ...704.1107L
HAT-P-9 b,3.92289,84.7,0.776601,0.0893404,0.0893404,0.0893404,1.4,0.06,0.06,0.06,0.35,0.06,0.06,0.06,Shporer 2009,http://adsabs.harvard.edu/abs/2009ApJ...690.1393S,Shporer 2009,http://adsabs.harvard.edu/abs/2009ApJ...690.1393S
HATS-1 b,3.446459,254.1,1.86507,0.25243,0.25243,0.25243,1.302,0.162,0.098,0.13,1.03,0.25,0.25,0.25,Penev 2013,http://adsabs.harvard.edu/abs/2013AJ....145....5P,Penev 2013,http://adsabs.harvard.edu/abs/2013AJ....145....5P
HATS-10 b,3.312846,67,0.526,0.081,0.081,0.081,0.969,0.061,0.045,0.053,0.7,0.15,0.15,0.15,Brahm 2015,http://adsabs.harvard.edu/abs/2015AJ....150...33B,Brahm 2015,http://adsabs.harvard.edu/abs/2015AJ....150...33B
HATS-2 b,1.354133,268.9,1.34915,0.152111,0.152111,0.152111,1.168,0.03,0.03,0.03,3.39,0.05,0.05,0.05,Mohler-Fischer 2013,http://arxiv.org/abs/1304.2140,Mohler-Fischer 2013,http://arxiv.org/abs/1304.2140
HATS-3 b,3.547851,125.7,1.0735,0.138469,0.138469,0.138469,1.381,0.035,0.035,0.035,0.540462,0.0810551,0.0810551,0.0810551,Bayliss 2013,http://adsabs.harvard.edu/abs/2013AJ....146..113B,Bayliss 2013,http://adsabs.harvard.edu/abs/2013AJ....146..113B
HATS-4 b,2.156729,197.5,1.323,0.028,0.028,0.028,1.02,0.037,0.037,0.037,1.55,0.16,0.16,0.16,Jordan 2014,http://adsabs.harvard.edu/abs/2014AJ....148...29J,Jordan 2014,http://adsabs.harvard.edu/abs/2014AJ....148...29J
HATS-5 b,4.763387,30,0.237663,0.013629,0.013629,0.013629,0.912,0.025,0.025,0.025,0.415453,0.041653,0.041653,0.041653,Zhou 2014,http://adsabs.harvard.edu/abs/2014AJ....147..144Z,Zhou 2014,http://adsabs.harvard.edu/abs/2014AJ....147..144Z
HATS-6 b,3.3252725,63,0.319,0.07,0.07,0.07,0.998,0.019,0.019,0.019,0.399,0.089,0.089,0.089,Hartman 2015,http://adsabs.harvard.edu/abs/2015AJ....149..166H,Hartman 2015,http://adsabs.harvard.edu/abs/2015AJ....149..166H
HATS-9 b,1.9153073,133.5,0.837,0.029,0.029,0.029,1.065,0.098,0.098,0.098,0.85,0.19,0.19,0.19,Brahm 2015,http://adsabs.harvard.edu/abs/2015AJ....150...33B,Brahm 2015,http://adsabs.harvard.edu/abs/2015AJ....150...33B
HD 149026 b,2.8758911,43.3,0.361471,0.0155987,0.0155987,0.0155987,0.654,0.06,0.046,0.053,1.59,0.38,0.36,0.37,Carter 2009,http://adsabs.harvard.edu/abs/2009ApJ...696..241C,Carter 2009,http://adsabs.harvard.edu/abs/2009ApJ...696..241C
HD 17156 b,21.21663,279.8,3.30275,0.11156,0.11156,0.11156,1.02,0.08,0.08,0.08,3.78,0.06,0.06,0.06,Barbieri 2009,http://adsabs.harvard.edu/abs/2009A%26A...503..601B,Barbieri 2009,http://adsabs.harvard.edu/abs/2009A%26A...503..601B
HD 189733 b,2.21857567,205,1.1436,0.0562492,0.0562492,0.0562492,1.138,0.027,0.027,0.027,0.963,0.088,0.079,0.0835,Agol 2010,http://adsabs.harvard.edu/abs/2010ApJ...721.1861A,Bouchy 2005,http://adsabs.harvard.edu/abs/2005A%26A...444L..15B
HD 209458 b,3.52474859,84.67,0.689646,0.0236457,0.0236457,0.0236457,1.359,0.015,0.015,0.015,0.338,0.015,0.015,0.015,Torres 2008,http://adsabs.harvard.edu/abs/2008ApJ...677.1324T,Torres 2008,http://adsabs.harvard.edu/abs/2008ApJ...677.1324T
HD 80606 b,111.4367,472,3.89054,0.188083,0.188083,0.188083,1.029,0.017,0.017,0.017,7.94618,0.694515,0.694515,0.694515,Fossey 2009,http://adsabs.harvard.edu/abs/2009MNRAS.396L..16F,Moutou 2009,http://adsabs.harvard.edu/abs/2009A%26A...498L...5M
HD 97658 b,9.4909,2.9,0.024739,0.002297,0.002297,0.002297,0.208761,0.0160683,0.0133723,0.0147203,3.44,0.91,0.82,0.865,Dragomir 2013,http://adsabs.harvard.edu/abs/2013arXiv1305.7260D,Dragomir 2013,http://adsabs.harvard.edu/abs/2013arXiv1305.7260D
HIP 116454 b,9.1205,4.41,0.03719,0.00418,0.00418,0.00418,0.231,0.016,0.016,0.016,4.17,1.08,1.08,1.08,Vanderburg 2015,http://adsabs.harvard.edu/abs/2015ApJ...800...59V,Vanderburg 2015,http://adsabs.harvard.edu/abs/2015ApJ...800...59V
KELT-2 A b,4.1137912,161.1,1.52064,0.0897487,0.0897487,0.0897487,1.286,0.065,0.047,0.056,0.948085,0.135916,0.135916,0.135916,Beatty 2012,http://adsabs.harvard.edu/abs/2012ApJ...756L..39B,Beatty 2012,http://adsabs.harvard.edu/abs/2012ApJ...756L..39B
KELT-3 b,2.70339,179.6,1.46164,0.066,0.066,0.066,1.358,0.068,0.069,0.0685,0.721,0.11,0.09,0.1,Pepper 2013,http://adsabs.harvard.edu/abs/2013ApJ...773...64P,Pepper 2013,http://adsabs.harvard.edu/abs/2013ApJ...773...64P
KELT-6 b,7.8457,42.8,0.43122,0.0473998,0.0473998,0.0473998,1.193,0.13,0.077,0.1035,0.336761,0.0951474,0.0951474,0.0951474,Collins 2014,http://adsabs.harvard.edu/abs/2014AJ....147...39C,Collins 2014,http://adsabs.harvard.edu/abs/2014AJ....147...39C
KELT-7 b,2.7347749,138,1.28,0.18,0.18,0.18,1.533,0.046,0.047,0.0465,0.422,0.073,0.068,0.0705,Bieryla 2015,http://adsabs.harvard.edu/abs/2015AJ....150...12B,Bieryla 2015,http://adsabs.harvard.edu/abs/2015AJ....150...12B
Kepler-10 b,0.837495,3.3,0.0142824,0.00392831,0.00392831,0.00392831,0.126327,0.00294406,0.0032117,0.00307788,8.8,2.1,2.9,2.5,Batalha 2011,http://adsabs.harvard.edu/abs/2011ApJ...729...27B,Batalha 2011,http://adsabs.harvard.edu/abs/2011ApJ...729...27B
Kepler-10 c,45.29485,3.26,0.054117,0.005978,0.005978,0.005978,0.209653,0.0035686,0.01249,0.0080293,5,5,5,5,Fressin 2011,http://adsabs.harvard.edu/abs/2011ApJS..197....5F,Fressin 2011,http://adsabs.harvard.edu/abs/2011ApJS..197....5F
Kepler-102 d,10.3117,1.37,0.00574989,0.00287494,0.00287494,0.00287494,0.105263,0.003568,0.003568,0.003568,13.27,6.46,6.46,6.46,Marcy 2014,http://adsabs.harvard.edu/abs/2014ApJS..210...20M,Marcy 2014,http://adsabs.harvard.edu/abs/2014ApJS..210...20M
Kepler-102 e,16.1457,2.77,0.0280968,0.0062927,0.0062927,0.0062927,0.198037,0.006244,0.006244,0.006244,4.68,1.12,1.12,1.12,Marcy 2014,http://adsabs.harvard.edu/abs/2014ApJS..210...20M,Marcy 2014,http://adsabs.harvard.edu/abs/2014ApJS..210...20M
Kepler-102 f,27.4536,2.11,0.00195073,0.0103829,0.0103829,0.0103829,0.0785013,0.0026762,0.0026762,0.0026762,4.92,24.5,24.5,24.5,Marcy 2014,http://adsabs.harvard.edu/abs/2014ApJS..210...20M,Marcy 2014,http://adsabs.harvard.edu/abs/2014ApJS..210...20M
Kepler-103 b,15.9654,2.32,0.0305195,0.0270585,0.0270585,0.0270585,0.300624,0.0080285,0.0080285,0.0080285,1.38,1.4,1.4,1.4,Marcy 2014,http://adsabs.harvard.edu/abs/2014ApJS..210...20M,Marcy 2014,http://adsabs.harvard.edu/abs/2014ApJS..210...20M
Kepler-103 c,179.612,3.85,0.0877632,0.00485324,0.00485324,0.00485324,0.458519,0.0124888,0.0124888,0.0124888,1.47,1.2,1.2,1.2,Marcy 2014,http://adsabs.harvard.edu/abs/2014ApJS..210...20M,Marcy 2014,http://adsabs.harvard.edu/abs/2014ApJS..210...20M
Kepler-106 b,6.16486,0.05,0.00144019,0.000571578,0.000571578,0.000571578,0.073149,0.009813,0.009813,0.009813,1.26,26.26,26.26,26.26,Marcy 2014,http://adsabs.harvard.edu/abs/2014ApJS..210...20M,Marcy 2014,http://adsabs.harvard.edu/abs/2014ApJS..210...20M
Kepler-106 c,13.5708,2.71,0.0328478,0.0100683,0.0100683,0.0100683,0.223015,0.0285459,0.0285459,0.0285459,3.28,1.56,1.56,1.56,Marcy 2014,http://adsabs.harvard.edu/abs/2014ApJS..210...20M,Marcy 2014,http://adsabs.harvard.edu/abs/2014ApJS..210...20M
Kepler-106 e,43.8445,1.95,0.0203863,0.00359469,0.00359469,0.00359469,0.228368,0.029438,0.029438,0.029438,3.1,2.07,2.07,2.07,Marcy 2014,http://adsabs.harvard.edu/abs/2014ApJS..210...20M,Marcy 2014,http://adsabs.harvard.edu/abs/2014ApJS..210...20M
Kepler-109 b,6.48163,0.29,0.0182069,0.000725866,0.000725866,0.000725866,0.211437,0.006245,0.006245,0.006245,0.3,2.2,2.2,2.2,Marcy 2014,http://adsabs.harvard.edu/abs/2014ApJS..210...20M,Marcy 2014,http://adsabs.harvard.edu/abs/2014ApJS..210...20M
Kepler-109 c,21.2227,0.43,0.0199023,0.000815921,0.000815921,0.000815921,0.224819,0.006245,0.006245,0.006245,0.65,2.3,2.3,2.3,Marcy 2014,http://adsabs.harvard.edu/abs/2014ApJS..210...20M,Marcy 2014,http://adsabs.harvard.edu/abs/2014ApJS..210...20M
Kepler-113 b,4.754,5.4,0.013404,0.000353203,0.000353203,0.000353203,0.16237,0.0044607,0.0044607,0.0044607,10.73,3.9,3.9,3.9,Marcy 2014,http://adsabs.harvard.edu/abs/2014ApJS..210...20M,Marcy 2014,http://adsabs.harvard.edu/abs/2014ApJS..210...20M
Kepler-12 b,4.4379637,48.2,0.431956,0.0415479,0.0415479,0.0415479,1.695,0.028,0.032,0.03,0.111,0.011,0.009,0.01,Fortney 2011,http://adsabs.harvard.edu/abs/2011ApJS..197....9F,Fortney 2011,http://adsabs.harvard.edu/abs/2011ApJS..197....9F
Kepler-131 b,16.092,3.95,0.0526382,0.0110122,0.0110122,0.0110122,0.215006,0.0178428,0.0178428,0.0178428,6,1.98,1.98,1.98,Marcy 2014,http://adsabs.harvard.edu/abs/2014ApJS..210...20M,Marcy 2014,http://adsabs.harvard.edu/abs/2014ApJS..210...20M
Kepler-138 b,10.312364,,0.00021,0.00019,0.00011,0.00015,0.047,0.003,0.003,0.003,2.6,2.4,1.5,1.95,Rowe 2014,http://adsabs.harvard.edu/abs/2014arXiv1402.6534R,Rowe 2014,http://adsabs.harvard.edu/abs/2014arXiv1402.6534R
Kepler-14 b,6.790123,682.9,8.40643,0.293577,0.293577,0.293577,1.136,0.073,0.054,0.0635,7.1,1.1,1.1,1.1,Bucchave 2011,http://adsabs.harvard.edu/abs/2011ApJS..197....3B,Bucchave 2011,http://adsabs.harvard.edu/abs/2011ApJS..197....3B
Kepler-15 b,4.942782,78.7,0.662431,0.0789697,0.0789697,0.0789697,0.96,0.07,0.06,0.065,0.93,0.018,0.382,0.2,Endl 2011,http://adsabs.harvard.edu/abs/2011ApJS..197...13E,Endl 2011,http://adsabs.harvard.edu/abs/2011ApJS..197...13E
Kepler-16 b,228.776,,0.333,0.016,0.016,0.016,0.7538,0.0026,0.0023,0.00245,1.03091,0.0505427,0.0505427,0.0505427,Doyle 2011,http://adsabs.harvard.edu/abs/2011Sci...333.1602D,Doyle 2011,http://adsabs.harvard.edu/abs/2011Sci...333.1602D
Kepler-17 b,1.4857108,399,2.47943,0.102045,0.102045,0.102045,1.33,0.04,0.04,0.04,1.3,0.14,0.14,0.14,Desert 2011,http://adsabs.harvard.edu/abs/2011ApJS..197...14D,Desert 2011,http://adsabs.harvard.edu/abs/2011ApJS..197...14D
Kepler-18 b,3.504725,,0.022,0.011,0.011,0.011,0.17843,0.00892,0.00892,0.00892,4.9,2.4,2.4,2.4,Cochran 2011,http://adsabs.harvard.edu/abs/2011ApJS..197....7C,Cochran 2011,http://adsabs.harvard.edu/abs/2011ApJS..197....7C
Kepler-18 c,7.64159,,0.0544,0.006,0.006,0.006,0.489785,0.0231956,0.0231956,0.0231956,0.59,0.07,0.07,0.07,Cochran 2011,http://adsabs.harvard.edu/abs/2011ApJS..197....7C,Cochran 2011,http://adsabs.harvard.edu/abs/2011ApJS..197....7C
Kepler-18 d,14.85888,,0.0516,0.0044,0.0044,0.0044,0.622714,0.0294406,0.0294406,0.0294406,0.27,0.03,0.03,0.03,Cochran 2011,http://adsabs.harvard.edu/abs/2011ApJS..197....7C,Cochran 2011,http://adsabs.harvard.edu/abs/2011ApJS..197....7C
Kepler-20 b,3.6961219,3.72,0.0266646,0.00667714,0.00667714,0.00667714,0.170247,0.0106961,0.0187183,0.0147072,6.5,2,2.7,2.35,Gautier 2012,http://adsabs.harvard.edu/abs/2012ApJ...749...15G,Gautier 2012,http://adsabs.harvard.edu/abs/2012ApJ...749...15G
Kepler-20 c,10.854092,4.83,0.0495058,0.0104281,0.0104281,0.0104281,0.273643,0.0178269,0.0276317,0.0227293,2.91,0.85,1.08,0.965,Gautier 2012,http://adsabs.harvard.edu/abs/2012ApJ...749...15G,Gautier 2012,http://adsabs.harvard.edu/abs/2012ApJ...749...15G
Kepler-20 d,77.61184,1.2,0.0236865,0.0227127,0.0227127,0.0227127,0.24512,0.0151529,0.0267403,0.0209466,2.035,4.07,0,2.035,Gautier 2012,http://adsabs.harvard.edu/abs/2012ApJ...749...15G,Gautier 2012,http://adsabs.harvard.edu/abs/2012ApJ...749...15G
Kepler-22 b,289.8623,,0.0183345,0.00133075,0.00133075,0.00133075,0.2125,0.0116071,0.0116071,0.0116071,12.8929,13.0649,13.0649,13.0649,Borucki 2012,http://adsabs.harvard.edu/abs/2012ApJ...745..120B,Borucki 2012,http://adsabs.harvard.edu/abs/2012ApJ...745..120B
Kepler-25 c,12.7204,5.63,0.0899033,0.00317591,0.00317591,0.00317591,0.463913,0.008029,0.008029,0.008029,0.9,0.21,0.21,0.21,Marcy 2014,http://adsabs.harvard.edu/abs/2014ApJS..210...20M,Marcy 2014,http://adsabs.harvard.edu/abs/2014ApJS..210...20M
Kepler-289 d,66.0634,,0.012,0.003,0.003,0.003,0.244,0.015,0.015,0.015,1.2,0.3,0.3,0.3,Schmitt 2014,http://adsabs.harvard.edu/abs/2014ApJ...795..167S,Schmitt 2014,http://adsabs.harvard.edu/abs/2014ApJ...795..167S
Kepler-30 b,29.334,,0.035557,0.00440529,0.00440529,0.00440529,0.347625,0.0178269,0.0178269,0.0178269,1.02,0.13,0.13,0.13,Sanchis-Ojeda 2012,http://adsabs.harvard.edu/abs/2012Natur.487..449S,Sanchis-Ojeda 2012,http://adsabs.harvard.edu/abs/2012Natur.487..449S
Kepler-30 c,60.3231,,2.01385,0.157332,0.157332,0.157332,1.09635,0.0356538,0.0356538,0.0356538,1.88,0.17,0.17,0.17,Sanchis-Ojeda 2012,http://adsabs.harvard.edu/abs/2012Natur.487..449S,Fabrycky 2012,http://adsabs.harvard.edu/abs/2012ApJ...750..114F
Kepler-30 d,143.343,,0.0726872,0.00849591,0.00849591,0.00849591,0.784384,0.0445673,0.0445673,0.0445673,0.19,0.02,0.02,0.02,Sanchis-Ojeda 2012,http://adsabs.harvard.edu/abs/2012Natur.487..449S,Sanchis-Ojeda 2012,http://adsabs.harvard.edu/abs/2012Natur.487..449S
Kepler-33 c,13.17562,,0.0305282,0.00537477,0.00537477,0.00537477,0.28523,0.0267404,0.0267404,0.0267404,9.91915,,,,Lissauer 2012,http://adsabs.harvard.edu/abs/2012ApJ...750..112L,Lissauer 2012,http://adsabs.harvard.edu/abs/2012ApJ...750..112L
Kepler-33 f,41.02902,,0.0654095,0.0120841,0.0120841,0.0120841,0.39754,0.0365451,0.0365451,0.0365451,5.34815,,,,Lissauer 2012,http://adsabs.harvard.edu/abs/2012ApJ...750..112L,Lissauer 2012,http://adsabs.harvard.edu/abs/2012ApJ...750..112L
Kepler-34 b,288.822,,0.220004,0.011,0.01,0.0105,0.764,0.014,0.012,0.013,0.613,0.045,0.041,0.043,Welsh 2012,http://adsabs.harvard.edu/abs/2012Natur.481..475W,Welsh 2012,http://adsabs.harvard.edu/abs/2012Natur.481..475W
Kepler-35 b,131.458,,0.127011,0.02,0.02,0.02,0.728,0.014,0.014,0.014,0.41,0.07,0.069,0.0695,Welsh 2012,http://adsabs.harvard.edu/abs/2012Natur.481..475W,Welsh 2012,http://adsabs.harvard.edu/abs/2012Natur.481..475W
Kepler-36 b,13.83989,,0.0140379,0.00104101,0.000851734,0.000946372,0.132454,0.00311971,0.00311971,0.00311971,7.46,0.74,0.59,0.665,Carter 2012,http://adsabs.harvard.edu/abs/2012Sci...337..556C,Carter 2012,http://adsabs.harvard.edu/abs/2012Sci...337..556C
Kepler-36 c,16.23855,,0.025489,0.00189274,0.0014511,0.00167192,0.327926,0.00481326,0.00481326,0.00481326,0.89,0.07,0.05,0.06,Carter 2012,http://adsabs.harvard.edu/abs/2012Sci...337..556C,Carter 2012,http://adsabs.harvard.edu/abs/2012Sci...337..556C
Kepler-37 b,13.367308,0.95,0.00958673,0.0111104,0.0111104,0.0111104,0.0270078,0.00472413,0.00650681,0.00561547,645.278,849.462,849.462,849.462,Barclay 2013,http://adsabs.harvard.edu/abs/2013Natur.494..452B,Barclay 2013,http://adsabs.harvard.edu/abs/2013Natur.494..452B
Kepler-37 c,21.301886,0.92,0.0107897,0.0129134,0.0129134,0.0129134,0.066,0.006,0.007,0.0065,49.7647,61.3553,61.3553,61.3553,Barclay 2013,http://adsabs.harvard.edu/abs/2013Natur.494..452B,Barclay 2013,http://adsabs.harvard.edu/abs/2013Natur.494..452B
Kepler-37 d,39.792187,0.4,0.00577478,0.0173263,0.0173263,0.0173263,0.178,0.01,0.01,0.01,1.35775,4.0804,4.0804,4.0804,Barclay 2013,http://adsabs.harvard.edu/abs/2013Natur.494..452B,Barclay 2013,http://adsabs.harvard.edu/abs/2013Natur.494..452B
Kepler-39 b,21.0874,1251,18.1805,0.717812,0.717812,0.717812,1.22,0.12,0.1,0.11,12.4,3.4,2.6,3,Bouchy 2011,http://adsabs.harvard.edu/abs/2011A%26A...533A..83B,Bouchy 2011,http://adsabs.harvard.edu/abs/2011A%26A...533A..83B
Kepler-4 b,3.21346,9.3,0.0772279,0.0128195,0.0128195,0.0128195,0.357,0.019,0.019,0.019,1.91,0.36,0.45,0.405,Borucki 2010,http://adsabs.harvard.edu/abs/2010ApJ...713L.126B,Borucki 2010,http://adsabs.harvard.edu/abs/2010ApJ...713L.126B
Kepler-40 b,6.87349,179,2.17684,0.336268,0.336268,0.336268,1.17,0.04,0.04,0.04,1.68,0.53,0.43,0.48,Santerne 2011,http://adsabs.harvard.edu/abs/2011A%26A...528A..63S,Santerne 2011,http://adsabs.harvard.edu/abs/2011A%26A...528A..63S
Kepler-406 b,2.42629,2.89,0.0199792,0.0044049,0.0044049,0.0044049,0.127576,0.0026764,0.0026764,0.0026764,11.82,2.7,2.7,2.7,Marcy 2014,http://adsabs.harvard.edu/abs/2014ApJS..210...20M,Marcy 2014,http://adsabs.harvard.edu/abs/2014ApJS..210...20M
Kepler-41 b,1.855558,85,0.493545,0.0711857,0.0711857,0.0711857,0.841,0.032,0.032,0.032,1.02,0.18,0.18,0.18,Santerne 2011,http://adsabs.harvard.edu/abs/2011A%26A...536A..70S,Santerne 2011,http://adsabs.harvard.edu/abs/2011A%26A...536A..70S
Kepler-412 b,1.720861232,142,0.940391,0.0866236,0.0866236,0.0866236,1.325,0.043,0.043,0.043,5.38499,0.726114,0.726114,0.726114,Deleuil 2014,http://adsabs.harvard.edu/abs/2014arXiv1401.6811D,Deleuil 2014,http://adsabs.harvard.edu/abs/2014arXiv1401.6811D
Kepler-420 b,86.647661,,1.45,0.35,0.35,0.35,0.94,0.12,0.12,0.12,2.1,1.2,1.2,1.2,Santerne 2014,http://adsabs.harvard.edu/abs/2014A%26A...571A..37S,Santerne 2014,http://adsabs.harvard.edu/abs/2014A%26A...571A..37S
Kepler-422 b,7.8914483,40,0.43,0.13,0.13,0,1.15,0.11,0.11,0.11,0.38,0.11,0.11,0.11,Endl 2014,http://adsabs.harvard.edu/abs/2014ApJ...795..151E,Endl 2014,http://adsabs.harvard.edu/abs/2014ApJ...795..151E
Kepler-423 b,2.68432848,101,0.72,0.12,0.12,0,1.2,0.065,0.065,0.065,0.55,0.09,0.09,0.09,Endl 2014,http://adsabs.harvard.edu/abs/2014ApJ...795..151E,Endl 2014,http://adsabs.harvard.edu/abs/2014ApJ...795..151E
Kepler-424 b,3.3118644,140,0.770225,0.233434,0.233434,0.233434,0.89,0.08,0.06,0.07,1.74,0.44,0.34,0.39,Endl 2014,http://adsabs.harvard.edu/abs/2014ApJ...795..151E,Endl 2014,http://adsabs.harvard.edu/abs/2014ApJ...795..151E
Kepler-427 b,10.290994,29.8,0.29,0.09,0.09,0.09,1.23,0.21,0.21,0.21,0.16,0.14,0.14,0.14,Hebrard 2014,http://adsabs.harvard.edu/abs/2014A%26A...572A..93H,Hebrard 2014,http://adsabs.harvard.edu/abs/2014A%26A...572A..93H
Kepler-428 b,3.52563254,188,1.27,0.19,0.19,0.19,1.08,0.03,0.03,0.03,1.02,0.15,0.15,0.15,Hebrard 2014,http://adsabs.harvard.edu/abs/2014A%26A...572A..93H,Hebrard 2014,http://adsabs.harvard.edu/abs/2014A%26A...572A..93H
Kepler-43 b,3.024095,375,3.23143,0.183829,0.183829,0.183829,1.2,0.06,0.06,0.06,2.33,0.36,0.36,0.36,Bonomo 2012,http://adsabs.harvard.edu/abs/2012A%26A...538A..96B,Bonomo 2012,http://adsabs.harvard.edu/abs/2012A%26A...538A..96B
Kepler-432 b,52.501129,286.8,5.41,0.32,0.18,0.25,1.145,0.036,0.039,0.0375,4.46,0.37,0.29,0.33,Quinn 2015,http://adsabs.harvard.edu/abs/2015ApJ...803...49Q,Quinn 2015,http://adsabs.harvard.edu/abs/2015ApJ...803...49Q
Kepler-433 b,5.33408384,259,2.82,0.52,0.52,0.52,1.45,0.16,0.16,0.16,1.13,0.32,0.32,0.32,Almenara 2015,http://adsabs.harvard.edu/abs/2015A%26A...575A..71A,Almenara 2015,http://adsabs.harvard.edu/abs/2015A%26A...575A..71A
Kepler-434 b,12.8747099,221,2.86,0.35,0.35,0.35,1.13,0.26,0.18,0.22,2.4,1.3,1.3,1.3,Almenara 2015,http://adsabs.harvard.edu/abs/2015A%26A...575A..71A,Almenara 2015,http://adsabs.harvard.edu/abs/2015A%26A...575A..71A
Kepler-435 b,8.6001536,64,0.84,0.15,0.15,0.15,1.99,0.18,0.18,0.18,0.131,0.037,0.037,0.037,Almenara 2015,http://adsabs.harvard.edu/abs/2015A%26A...575A..71A,Almenara 2015,http://adsabs.harvard.edu/abs/2015A%26A...575A..71A
Kepler-44 b,3.24674,124,1.02109,0.0700655,0.0700655,0.0700655,1.24,0.07,0.07,0.07,0.65,0.12,0.12,0.12,Bonomo 2012,http://adsabs.harvard.edu/abs/2012A%26A...538A..96B,Bonomo 2012,http://adsabs.harvard.edu/abs/2012A%26A...538A..96B
Kepler-447 b,7.79430132,141,1.37,0.16,0.154,0.157,1.65,0.2,0.18,0.19,0.399,0.31,0.112,0.211,Lillo-Box 2015,http://adsabs.harvard.edu/abs/2015A%26A...577A.105L,Lillo-Box 2015,http://adsabs.harvard.edu/abs/2015A%26A...577A.105L
Kepler-45 b,2.455239,110,0.511499,0.0579971,0.0579971,0.0579971,0.96,0.11,0.11,0.11,0.76661,0.277525,0.277525,0.277525,Johnson 2012,http://adsabs.harvard.edu/abs/2012AJ....143..111J,Johnson 2012,http://adsabs.harvard.edu/abs/2012AJ....143..111J
Kepler-48 b,4.778,1.62,0.0123966,0.0066073,0.0066073,0.0066073,0.17133,0.00911328,0.00911328,0.00911328,3.23,1.84,1.84,1.84,Marcy 2014,http://adsabs.harvard.edu/abs/2014ApJS..210...20M,Marcy 2014,http://adsabs.harvard.edu/abs/2014ApJS..210...20M
Kepler-48 c,9.67395,4.74,0.045968,0.00723657,0.00723657,0.00723657,0.24177,0.01249,0.01249,0.01249,4.01,0.91,0.91,0.91,Marcy 2014,http://adsabs.harvard.edu/abs/2014ApJS..210...20M,Marcy 2014,http://adsabs.harvard.edu/abs/2014ApJS..210...20M
Kepler-5 b,3.54846,227.5,2.11663,0.0750533,0.0750533,0.0750533,1.431,0.0465,0.0465,0.0465,0.894,0.079,0.079,0.079,Koch 2010,http://adsabs.harvard.edu/abs/2010ApJ...713L.131K,Koch 2010,http://adsabs.harvard.edu/abs/2010ApJ...713L.131K
Kepler-6 b,3.234723,80.9,0.669376,0.0309459,0.0309459,0.0309459,1.323,0.026,0.029,0.0275,0.352,0.018,0.022,0.02,Dunham 2010,http://adsabs.harvard.edu/abs/2010ApJ...713L.136D,Dunham 2010,http://adsabs.harvard.edu/abs/2010ApJ...713L.136D
Kepler-68 b,5.398763,2.07,0.026183,0.00694006,0.00757098,0.00725552,0.205901,0.00534807,0.00802211,0.00668509,3.32,0.86,0.98,0.92,Gilliland 2013,http://adsabs.harvard.edu/abs/2013ApJ...766...40G,Gilliland 2013,http://adsabs.harvard.edu/abs/2013ApJ...766...40G
Kepler-68 c,9.605085,0.57,0.015142,0.0078843,0.0113586,0.00962145,0.0849452,0.00329798,0.00374364,0.00352081,28,13,23,18,Gilliland 2013,http://adsabs.harvard.edu/abs/2013ApJ...766...40G,Gilliland 2013,http://adsabs.harvard.edu/abs/2013ApJ...766...40G
Kepler-7 b,4.885525,42.9,0.437758,0.0385085,0.0385085,0.0385085,1.478,0.05,0.051,0.0505,0.166,0.019,0.02,0.0195,Latham 2010,http://adsabs.harvard.edu/abs/2010ApJ...713L.140L,Latham 2010,http://adsabs.harvard.edu/abs/2010ApJ...713L.140L
Kepler-74 b,7.340718,58,0.66711,0.0904267,0.0904267,0.0904267,1.32,0.14,0.14,0.14,0.37,0.13,0.13,0.13,Hebrard 2013,http://adsabs.harvard.edu/abs/2013A%26A...554A.114H,Hebrard 2013,http://adsabs.harvard.edu/abs/2013A%26A...554A.114H
Kepler-75 b,8.884924,1288,9.98479,0.49759,0.49759,0.49759,1.03,0.06,0.06,0.06,11,2,2,2,Hebrard 2013,http://adsabs.harvard.edu/abs/2013A%26A...554A.114H,Hebrard 2013,http://adsabs.harvard.edu/abs/2013A%26A...554A.114H
Kepler-77 b,3.57878087,59.2,0.430957,0.0344204,0.0344204,0.0344204,0.96,0.016,0.016,0.016,0.603,0.066,0.066,0.066,Gandolfi 2013,http://adsabs.harvard.edu/abs/2013A%26A...557A..74G,Gandolfi 2013,http://adsabs.harvard.edu/abs/2013A%26A...557A..74G
Kepler-78 b,0.35500744,1.96,0.00585,0.0012,0.00078,0.00099,0.103396,0.016936,0.012478,0.014707,7.25116,,,,Sanchis-Ojeda 2013,http://adsabs.harvard.edu/abs/2013ApJ...774...54S,Sanchis-Ojeda 2013,http://adsabs.harvard.edu/abs/2013ApJ...774...54S
Kepler-79 b,13.485,,0.0343,0.0233,0.0189,0.0211,0.316,0.0064,0.0064,0.0064,1.43,0.97,0.78,0.875,Jontof-Hutter 2014,http://adsabs.harvard.edu/abs/2014ApJ...785...15J,Xie 2013,http://adsabs.harvard.edu/abs/2013ApJS..208...22X
Kepler-79 c,27.402,,0.0186,0.006,0.0204,0.0132,0.339,0.0073,0.0073,0.0073,0.62,0.2,0.25,0.225,Jontof-Hutter 2014,http://adsabs.harvard.edu/abs/2014ApJ...785...15J,Xie 2013,http://adsabs.harvard.edu/abs/2013ApJS..208...22X
Kepler-79 d,52.09059,,0.0189,0.00661,0.00503,0.00582,0.653,0.0118,0.0146,0.0132,0.09,0.03,0.02,0.025,Rowe 2014,http://adsabs.harvard.edu/abs/2014arXiv1402.6534R,Rowe 2014,http://adsabs.harvard.edu/abs/2014arXiv1402.6534R
Kepler-79 e,81.065298,,0.0129,0.00378,0.00346,0.00362,0.318,0.0128,0.0128,0.0128,0.53,0.15,0.15,0.15,Rowe 2014,http://adsabs.harvard.edu/abs/2014arXiv1402.6534R,Rowe 2014,http://adsabs.harvard.edu/abs/2014arXiv1402.6534R
Kepler-8 b,3.52254,68.4,0.585742,0.104309,0.104309,0.104309,1.419,0.056,0.058,0.057,0.261,0.071,0.071,0.071,Jenkins 2010,http://adsabs.harvard.edu/abs/2010ApJ...724.1108J,Jenkins 2010,http://adsabs.harvard.edu/abs/2010ApJ...724.1108J
Kepler-87 b,114.73635,,1.02004,0.0276878,0.0276878,0.0276878,1.21,0.006,0.006,0.006,0.729,0.026,0.026,0.026,Ofir 2013,http://adsabs.harvard.edu/abs/2013arXiv1310.2064O,Ofir 2014,http://adsabs.harvard.edu/abs/2013arXiv1310.2064O
Kepler-87 c,191.2318,,0.0201366,0.0025171,0.0025171,0.0025171,0.549,0.008,0.008,0.008,0.152,0.019,0.019,0.019,Ofir 2013,http://adsabs.harvard.edu/abs/2013arXiv1310.2064O,Ofir 2014,http://adsabs.harvard.edu/abs/2013arXiv1310.2064O
Kepler-89 b,3.743208,3.3,0.0287348,0.0122964,0.0122964,0.0122964,0.1558,0.0146,0.0146,0.0146,10.1,5.5,5.5,5.5,Weiss 2013,http://adsabs.harvard.edu/abs/2013ApJ...768...14W,Weiss 2013,http://adsabs.harvard.edu/abs/2013ApJ...768...14W
Kepler-89 c,10.423648,,0.0295756,0.0075512,0.0066074,0.0070793,0.3937,0.0374,0.0374,0.0374,0.91,0.36,0.91,0.635,Weiss 2013,http://adsabs.harvard.edu/abs/2013ApJ...768...14W,Weiss 2013,http://adsabs.harvard.edu/abs/2013ApJ...768...14W
Kepler-89 d,23.342989,18.3,0.163924,0.0217097,0.0223391,0.0220244,1.027,0.097,0.097,0.097,0.363,0.101,0.101,0.101,Weiss 2013,http://adsabs.harvard.edu/abs/2013ApJ...768...14W,Weiss 2013,http://adsabs.harvard.edu/abs/2013ApJ...768...14W
Kepler-89 e,54.32031,4.5,0.0409024,0.0078658,0.0066074,0.0072366,0.5978,0.0565,0.0565,0.0565,0.6,0.26,0.56,0.41,Weiss 2013,http://adsabs.harvard.edu/abs/2013ApJ...768...14W,Weiss 2013,http://adsabs.harvard.edu/abs/2013ApJ...768...14W
Kepler-9 b,19.243158,19.09,0.248945,0.0209881,0.0209881,0.0209881,0.842,0.069,0.069,0.069,0.524,0.132,0.132,0.132,Holman 2010,http://adsabs.harvard.edu/abs/2010Sci...330...51H,Holman 2010,http://adsabs.harvard.edu/abs/2010Sci...330...51H
Kepler-9 c,38.90861,10.2,0.168671,0.017374,0.017374,0.017374,0.823,0.067,0.067,0.067,0.383,0.098,0.098,0.098,Holman 2010,http://adsabs.harvard.edu/abs/2010Sci...330...51H,Holman 2010,http://adsabs.harvard.edu/abs/2010Sci...330...51H
Kepler-93 b,4.72674,1.05,0.00814901,0.00629267,0.00629267,0.00629267,0.134,0.00268,0.00268,0.00268,4.17,3.29,3.29,3.29,Marcy 2014,http://adsabs.harvard.edu/abs/2014ApJS..210...20M,Marcy 2014,http://adsabs.harvard.edu/abs/2014ApJS..210...20M
Kepler-94 b,2.50806,6.11,0.0341063,0.0044049,0.0044049,0.0044049,0.313113,0.013381,0.013381,0.013381,1.45,0.26,0.26,0.26,Marcy 2014,http://adsabs.harvard.edu/abs/2014ApJS..210...20M,Marcy 2014,http://adsabs.harvard.edu/abs/2014ApJS..210...20M
Kepler-95 b,11.5231,3.36,0.0409024,0.0091244,0.0091244,0.0091244,0.305112,0.0080293,0.0080293,0.0080293,1.71,0.37,0.37,0.37,Marcy 2014,http://adsabs.harvard.edu/abs/2014ApJS..210...20M,Marcy 2014,http://adsabs.harvard.edu/abs/2014ApJS..210...20M
Kepler-96 b,16.23844,2.1,0.0261659,0.0100228,0.0100228,0.0100228,0.238201,0.0196271,0.0196271,0.0196271,2.26,1.11,1.11,1.11,Marcy 2014,http://adsabs.harvard.edu/abs/2014ApJS..210...20M,Marcy 2014,http://adsabs.harvard.edu/abs/2014ApJS..210...20M
Kepler-98 b,1.54168,1.82,0.0111695,0.0050341,0.0050341,0.0050341,0.177536,0.0196271,0.0196271,0.0196271,2.18,1.21,1.21,1.21,Marcy 2014,http://adsabs.harvard.edu/abs/2014ApJS..210...20M,Marcy 2014,http://adsabs.harvard.edu/abs/2014ApJS..210...20M
Kepler-99 b,4.60358,2.91,0.01935,0.0040902,0.0040902,0.0040902,0.132037,0.00713712,0.00713712,0.00713712,10.9,2.82,2.82,2.82,Marcy 2014,http://adsabs.harvard.edu/abs/2014ApJS..210...20M,Marcy 2014,http://adsabs.harvard.edu/abs/2014ApJS..210...20M
OGLE-TR-10 b,3.10129,80,0.62,0.14,0.14,0.14,1.25,0.14,0.12,0.13,0.4,0.18,0.12,0.15,Torres 2008,http://adsabs.harvard.edu/abs/2008ApJ...677.1324T,Torres 2008,http://adsabs.harvard.edu/abs/2008ApJ...677.1324T
OGLE-TR-111 b,4.0144479,78,0.55,0.1,0.1,0.1,1.051,0.057,0.053,0.055,0.59,0.16,0.13,0.145,Torres 2008,http://adsabs.harvard.edu/abs/2008ApJ...677.1324T,Torres 2008,http://adsabs.harvard.edu/abs/2008ApJ...677.1324T
OGLE-TR-113 b,1.4324757,267,1.26,0.16,0.16,0.16,1.093,0.028,0.022,0.025,1.2,0.17,0.15,0.16,Torres 2008,http://adsabs.harvard.edu/abs/2008ApJ...677.1324T,Torres 2008,http://adsabs.harvard.edu/abs/2008ApJ...677.1324T
OGLE-TR-132 b,1.689868,167,1.18,0.14,0.14,0.14,1.2,0.15,0.11,0.13,0.85,0.32,0.24,0.28,Torres 2008,http://adsabs.harvard.edu/abs/2008ApJ...677.1324T,Torres 2008,http://adsabs.harvard.edu/abs/2008ApJ...677.1324T
OGLE-TR-182 b,3.9791,120,1.0245,0.148681,0.148681,0.148681,1.13,0.24,0.14,0.19,0.9415,0.497762,0.497762,0.497762,Pont 2008,http://adsabs.harvard.edu/abs/2008A%26A...487..749P,Pont 2008,http://adsabs.harvard.edu/abs/2008A%26A...487..749P
OGLE-TR-211 b,3.67724,82,0.757277,0.149139,0.149139,0.149139,1.36,0.18,0.09,0.135,0.661909,0.246284,0.246284,0.246284,Udalski 2008,http://adsabs.harvard.edu/abs/2008A%26A...482..299U,Udalski 2008,http://adsabs.harvard.edu/abs/2008A%26A...482..299U
OGLE-TR-56 b,1.211909,225,1.39,0.18,0.18,0.18,1.363,0.092,0.09,0.091,0.68,0.18,0.14,0.16,Torres 2008,http://adsabs.harvard.edu/abs/2008ApJ...677.1324T,Torres 2008,http://adsabs.harvard.edu/abs/2008ApJ...677.1324T
OGLE2-TR-L9 b,2.4855335,510,4.57442,1.509,1.509,1.509,1.61,0.04,0.04,0.04,2.4027,0.838079,0.838079,0.838079,Snellen 2009,http://adsabs.harvard.edu/abs/2009A%26A...497..545S,Snellen 2009,http://adsabs.harvard.edu/abs/2009A%26A...497..545S
Qatar-1 b,1.420033,218,1.08979,0.0850223,0.0850223,0.0850223,1.164,0.045,0.045,0.045,0.9177,0.13034,0.11172,0.12103,Alsubai 2011,http://adsabs.harvard.edu/abs/2011MNRAS.417..709A,Alsubai 2011,http://adsabs.harvard.edu/abs/2011MNRAS.417..709A
Qatar-2 b,1.3371182,558.7,2.48409,0.0868209,0.0868209,0.0868209,1.144,0.035,0.035,0.035,2.20116,0.17238,0.17238,0.17238,Bryan 2012,http://adsabs.harvard.edu/abs/2012ApJ...750...84B,Bryan 2012,http://adsabs.harvard.edu/abs/2012ApJ...750...84B
TrES-1 b,3.030065,115.2,0.752484,0.0476367,0.0476367,0.0476367,1.067,0.022,0.021,0.0215,0.769,0.069,0.065,0.067,Torres 2008,http://adsabs.harvard.edu/abs/2008ApJ...677.1324T,Alonso 2004,http://adsabs.harvard.edu/abs/2004ApJ...613L.153A
TrES-2 b,2.47063,181.3,1.20071,0.0522427,0.0522427,0.0522427,1.224,0.041,0.041,0.041,0.813,0.096,0.082,0.089,Torres 2008,http://adsabs.harvard.edu/abs/2008ApJ...677.1324T,O'Donovan 2006,http://adsabs.harvard.edu/abs/2006ApJ...651L..61O
TrES-3 b,1.30619,369,1.91,0.075,0.08,0.0775,1.336,0.031,0.037,0.034,0.994,0.095,0.078,0.0865,Sozzetti 2009,http://adsabs.harvard.edu/abs/2009ApJ...691.1145S,Sozzetti 2009,http://adsabs.harvard.edu/abs/2009ApJ...691.1145S
TrES-4 b,3.553945,97.4,0.925,0.082,0.082,0.082,1.783,0.093,0.086,0.0895,0.213,0.03,0.027,0.0285,Mandusehv 2007,http://adsabs.harvard.edu/abs/2007ApJ...667L.195M,Mandushev 2007,http://adsabs.harvard.edu/abs/2007ApJ...667L.195M
TrES-5 b,1.4822446,339.8,1.7781,0.0800981,0.0800981,0.0800981,1.209,0.021,0.021,0.021,1.25,0.08,0.08,0.08,Mandushev 2011,http://adsabs.harvard.edu/abs/2011ApJ...741..114M,Mandushev 2011,http://adsabs.harvard.edu/abs/2011ApJ...741..114M
WASP-1 b,2.5199449,109.4,0.918,0.091,0.091,0.091,1.516,0.052,0.248,0.15,0.328,0.048,0.042,0.045,Simpson 2011,http://adsabs.harvard.edu/abs/2011MNRAS.414.3023S,Simpson 2011,http://adsabs.harvard.edu/abs/2011MNRAS.414.3023S
WASP-10 b,3.0927616,520.1,3.19144,0.115876,0.115876,0.115876,1.08,0.02,0.02,0.02,3.11,0.2,0.2,0.2,Johnson 2009,http://adsabs.harvard.edu/abs/2009ApJ...692L.100J,Johnson 2009,http://adsabs.harvard.edu/abs/2009ApJ...692L.100J
WASP-100 b,2.849375,213,2.03,0.12,0.12,0.12,1.69,0.29,0.29,0.29,0.4,0.2,0.2,0.2,Hellier 2013,http://adsabs.harvard.edu/abs/2014MNRAS.440.1982H,Hellier 2013,http://adsabs.harvard.edu/abs/2014MNRAS.440.1982H
WASP-101 b,3.585722,54,0.5,0.04,0.04,0.04,1.41,0.05,0.05,0.05,0.18,0.02,0.02,0.02,Hellier 2013,http://adsabs.harvard.edu/abs/2014MNRAS.440.1982H,Hellier 2013,http://adsabs.harvard.edu/abs/2014MNRAS.440.1982H
WASP-103 b,0.925542,271,1.48791,0.0959377,0.0959377,0.0959377,1.528,0.073,0.047,0.06,0.553034,0.0743041,0.0743041,0.0743041,Gillon 2014,http://adsabs.harvard.edu/abs/2014arXiv1401.2784G,Gillon 2014,http://adsabs.harvard.edu/abs/2014arXiv1401.2784G
WASP-104 b,1.7554137,202.7,1.272,0.047,0.047,0.047,1.137,0.037,0.037,0.037,1.418,0.094,0.094,0.094,Smith 2014,http://adsabs.harvard.edu/abs/2014A%26A...570A..64S,Smith 2014,http://adsabs.harvard.edu/abs/2014A%26A...570A..64S
WASP-106 b,9.289715,165.3,1.925,0.076,0.076,0.076,1.085,0.046,0.028,0.037,1.99,0.15,0.21,0.18,Smith 2014,http://adsabs.harvard.edu/abs/2014A%26A...570A..64S,Smith 2014,http://adsabs.harvard.edu/abs/2014A%26A...570A..64S
WASP-11 b,3.722465,82.1,0.539755,0.0518703,0.0518703,0.0518703,0.91,0.06,0.03,0.045,0.9177,0.0931,0.1463,0.1197,West 2009,http://adsabs.harvard.edu/abs/2009A%26A...502..395W,West 2009,http://adsabs.harvard.edu/abs/2009A%26A...502..395W
WASP-117 b,10.02165,25.16,0.2755,0.009,0.009,0.009,1.021,0.076,0.065,0.0705,0.344,0.072,0.062,0.067,Lendl 2014,http://adsabs.harvard.edu/abs/2014A%26A...568A..81L,Lendl 2014,http://adsabs.harvard.edu/abs/2014A%26A...568A..81L
WASP-12 b,1.09142245,226,1.36063,0.0509218,0.0509218,0.0509218,1.79,0.09,0.09,0.09,0.32,0.033,0.033,0.033,Maciejewski 2011,http://adsabs.harvard.edu/abs/2011A%26A...528A..65M,Maciejewski 2011,http://adsabs.harvard.edu/abs/2011A%26A...528A..65M
WASP-13 b,4.3530135,55.5,0.473883,0.0344497,0.0344497,0.0344497,1.407,0.052,0.052,0.052,0.18,0.02,0.02,0.02,Barros 2012,http://adsabs.harvard.edu/abs/2012MNRAS.419.1248B,Chew 2013,http://adsabs.harvard.edu/abs/2013ApJ...768...79G
WASP-14 b,2.243752,993,7.69234,0.293081,0.293081,0.293081,1.281,0.075,0.082,0.0785,4.65633,0.636,0.9866,0.8113,Joshi 2009,http://adsabs.harvard.edu/abs/2009MNRAS.392.1532J,Joshi 2009,http://adsabs.harvard.edu/abs/2009MNRAS.392.1532J
WASP-15 b,3.7521,63.4,0.542797,0.0208612,0.0208612,0.0208612,1.379,0.067,0.058,0.0625,0.247,0.035,0.035,0.035,Triaud 2010,http://adsabs.harvard.edu/abs/2010A%26A...524A..25T,Triaud 2010,http://adsabs.harvard.edu/abs/2010A%26A...524A..25T
WASP-16 b,3.1186009,116.7,0.842294,0.0319679,0.0319679,0.0319679,1.008,0.083,0.059,0.071,1.1039,0.1729,0.2261,0.1995,Lister 2009,http://adsabs.harvard.edu/abs/2009ApJ...703..752L,Lister 2009,http://adsabs.harvard.edu/abs/2009ApJ...703..752L
WASP-17 b,3.735433,59.2,0.508547,0.0300802,0.0300802,0.0300802,1.932,0.052,0.1,0.076,0.1915,0.05586,0.04414,0.05,Triaud 2010,http://adsabs.harvard.edu/abs/2010A%26A...524A..25T,Triaud 2010,http://adsabs.harvard.edu/abs/2010A%26A...524A..25T
WASP-18 b,0.9414529,1818.3,10.2006,0.335619,0.335619,0.335619,1.267,0.062,0.045,0.0535,10.2809,1.0374,1.6891,1.36325,Triaud 2010,http://adsabs.harvard.edu/abs/2010A%26A...524A..25T,Triaud 2010,http://adsabs.harvard.edu/abs/2010A%26A...524A..25T
WASP-19 b,0.78884,257,1.13339,0.0393463,0.0393463,0.0393463,1.386,0.032,0.032,0.032,0.438,0.028,0.028,0.028,Hellier 2011,http://adsabs.harvard.edu/abs/2011ApJ...730L..31H,Hellier 2011,http://adsabs.harvard.edu/abs/2011ApJ...730L..31H
WASP-2 b,2.1522254,155,0.908659,0.0350237,0.0350237,0.0350237,1.077,0.055,0.058,0.0565,0.92,0.27,0.2,0.235,Triaud 2010,http://adsabs.harvard.edu/abs/2010A%26A...524A..25T,Triaud 2010,http://adsabs.harvard.edu/abs/2010A%26A...524A..25T
WASP-20 b,4.8996285,32.8,0.311,0.017,0.017,0.017,1.462,0.059,0.059,0.059,0.1006,0.0131,0.0099,0.0115,Anderson 2015,http://adsabs.harvard.edu/abs/2015A%26A...575A..61A,Anderson 2015,http://adsabs.harvard.edu/abs/2015A%26A...575A..61A
WASP-21 b,4.322482,37.2,0.300272,0.0133766,0.0133766,0.0133766,1.07,0.06,0.06,0.06,0.3192,0.0665,0.0665,0.0665,Bouchy 2010,http://adsabs.harvard.edu/abs/2010A&A...519A..98B,Bouchy 2010,http://adsabs.harvard.edu/abs/2010A&A...519A..98B
WASP-22 b,3.53269,70,0.559059,0.10254,0.10254,0.10254,1.12,0.04,0.04,0.04,0.532,0.05,0.05,0.05,Maxted 2010,http://adsabs.harvard.edu/abs/2010AJ....140.2007M,Maxted 2010,http://adsabs.harvard.edu/abs/2010AJ....140.2007M
WASP-23 b,2.9444256,145.8,0.872226,0.0937696,0.0937696,0.0937696,0.962,0.0515,0.0515,0.0515,1.29911,0.251102,0.251102,0.251102,Triaud 2011,http://adsabs.harvard.edu/abs/2011A%26A...531A..24T,Triaud 2011,http://adsabs.harvard.edu/abs/2011A%26A...531A..24T
WASP-24 b,2.3412127,148.2,1.091,0.0405076,0.0405076,0.0405076,1.3,0.039,0.038,0.0385,0.487,0.043,0.04,0.0415,Street 2010,http://adsabs.harvard.edu/abs/2010ApJ...720..337S,Simpson 2011,http://adsabs.harvard.edu/abs/2011MNRAS.414.3023S
WASP-25 b,3.764825,75.5,0.57847,0.044926,0.044926,0.044926,1.22,0.06,0.05,0.055,0.42161,0.04788,0.04123,0.044555,Enoch 2011,http://adsabs.harvard.edu/abs/2011MNRAS.410.1631E,Enoch 2011,http://adsabs.harvard.edu/abs/2011MNRAS.410.1631E
WASP-26 b,2.7566,135.5,1.01746,0.0336252,0.0336252,0.0336252,1.32,0.08,0.08,0.08,0.5852,0.1064,0.1064,0.1064,Smalley 2010,http://adsabs.harvard.edu/abs/2010A%26A...520A..56S,Smalley 2010,http://adsabs.harvard.edu/abs/2010A%26A...520A..56S
WASP-28 b,3.40883,120.5,0.907,0.043,0.043,0.043,1.213,0.042,0.042,0.042,0.508,0.047,0.047,0.047,Anderson 2015,http://adsabs.harvard.edu/abs/2015A%26A...575A..61A,Anderson 2015,http://adsabs.harvard.edu/abs/2015A%26A...575A..61A
WASP-29 b,3.922727,35.6,0.242991,0.0201282,0.0201282,0.0201282,0.792,0.056,0.035,0.0455,0.6517,0.1064,0.1064,0.1064,Hellier 2010,http://adsabs.harvard.edu/abs/2010ApJ...723L..60H,Hellier 2010,http://adsabs.harvard.edu/abs/2010ApJ...723L..60H
WASP-3 b,1.846834,290.5,2.01184,0.0935965,0.0935965,0.0935965,1.29,0.085,0.085,0.085,1.0906,0.1862,0.1862,0.1862,Tripathi 2010,http://adsabs.harvard.edu/abs/2010ApJ...715..421T,Tripathi 2010,http://adsabs.harvard.edu/abs/2010ApJ...715..421T
WASP-31 b,3.405909,58.2,0.479329,0.0328081,0.0328081,0.0328081,1.537,0.06,0.06,0.06,0.132,0.017,0.017,0.017,Anderson 2011,http://adsabs.harvard.edu/abs/2011A%26A...531A..60A,Anderson 2011,http://adsabs.harvard.edu/abs/2011A%26A...531A..60A
WASP-32 b,2.718661,478,3.45362,0.139379,0.139379,0.139379,1.1,0.04,0.04,0.04,3.44064,0.400381,0.400381,0.400381,Brown 2012,http://adsabs.harvard.edu/abs/2012ApJ...760..139B,Brown 2012,http://adsabs.harvard.edu/abs/2012ApJ...760..139B
WASP-34 b,4.3176782,72.1,0.583354,0.0285497,0.0285497,0.0285497,1.22,0.11,0.08,0.095,0.4522,0.1064,0.1064,0.1064,Smalley 2011,http://adsabs.harvard.edu/abs/2011A%26A...526A.130S,Smalley 2011,http://adsabs.harvard.edu/abs/2011A%26A...526A.130S
WASP-35 b,3.161575,94.82,0.717098,0.0587383,0.0587383,0.0587383,1.32,0.03,0.03,0.03,0.4256,0.0399,0.0399,0.0399,Enoch 2011,http://adsabs.harvard.edu/abs/2011AJ....142...86E,Enoch 2011,http://adsabs.harvard.edu/abs/2011AJ....142...86E
WASP-36 b,1.5373653,391.4,2.26929,0.089103,0.089103,0.089103,1.269,0.03,0.03,0.03,1.47451,0.098124,0.084864,0.091494,Smith 2012,http://adsabs.harvard.edu/abs/2012AJ....143...81S,Smith 2012,http://adsabs.harvard.edu/abs/2012AJ....143...81S
WASP-37 b,3.577469,250.7,1.79362,0.166323,0.166323,0.166323,1.16,0.07,0.06,0.065,1.5295,0.1596,0.1914,0.1755,Simpson 2011,http://adsabs.harvard.edu/abs/2011AJ....141....8S,Simpson 2011,http://adsabs.harvard.edu/abs/2011AJ....141....8S
WASP-38 b,6.87188,252,2.70901,0.100012,0.100012,0.100012,1.09,0.02,0.02,0.02,2.06,0.14,0.14,0.14,Brown 2012,http://adsabs.harvard.edu/abs/2012ApJ...760..139B,Brown 2012,http://adsabs.harvard.edu/abs/2012ApJ...760..139B
WASP-39 b,4.055259,38,0.284338,0.0313727,0.0313727,0.0313727,1.27,0.04,0.04,0.04,0.1862,0.0532,0.0532,0.0532,Faedi 2011,http://adsabs.harvard.edu/abs/2011A%26A...531A..40F,Faedi 2011,http://adsabs.harvard.edu/abs/2011A%26A...531A..40F
WASP-4 b,1.3382299,240,1.22311,0.0472558,0.0472558,0.0472558,1.341,0.023,0.029,0.026,0.665,0.0399,0.0399,0.0399,Triaud 2010,http://adsabs.harvard.edu/abs/2010A%26A...524A..25T,Triaud 2010,http://adsabs.harvard.edu/abs/2010A%26A...524A..25T
WASP-41 b,3.052401,135,0.932493,0.0588469,0.0588469,0.0588469,1.2,0.06,0.06,0.06,0.663,0.10608,0.10608,0.10608,Maxted 2011,http://adsabs.harvard.edu/abs/2011PASP..123..547M,Maxted 2011,http://adsabs.harvard.edu/abs/2011PASP..123..547M
WASP-42 b,4.9816877,64.3,0.496968,0.0340244,0.0340244,0.0340244,1.063,0.051,0.051,0.051,0.546312,0.0649739,0.0556919,0.0603329,Lendl 2012,http://adsabs.harvard.edu/abs/2012A%26A...544A..72L,Lendl 2012,http://adsabs.harvard.edu/abs/2012A%26A...544A..72L
WASP-43 b,0.813475,550.3,1.77609,0.10347,0.10347,0.10347,0.93,0.07,0.09,0.08,2.9393,0.54887,0.96733,0.7581,Hellier 2011,http://adsabs.harvard.edu/abs/2011A%26A...535L...7H,Hellier 2011,http://adsabs.harvard.edu/abs/2011A%26A...535L...7H
WASP-44 b,2.4238039,138.8,0.889836,0.0647194,0.0647194,0.0647194,1.14,0.11,0.11,0.11,0.458647,0.172932,0.112782,0.142857,Anderson 2012,http://adsabs.harvard.edu/abs/2012MNRAS.422.1988A,Anderson 2012,http://adsabs.harvard.edu/abs/2012MNRAS.422.1988A
WASP-45 b,3.1260876,148.3,1.00657,0.0520663,0.0520663,0.0520663,1.16,0.28,0.14,0.21,0.8512,0.399,0.399,0.399,Anderson 2012,http://adsabs.harvard.edu/abs/2012MNRAS.422.1988A,Anderson 2012,http://adsabs.harvard.edu/abs/2012MNRAS.422.1988A
WASP-46 b,1.43037,387,2.10232,0.0879346,0.0879346,0.0879346,1.31,0.051,0.051,0.051,1.2502,0.1463,0.1463,0.1463,Anderson 2012,http://adsabs.harvard.edu/abs/2012MNRAS.422.1988A,Anderson 2012,http://adsabs.harvard.edu/abs/2012MNRAS.422.1988A
WASP-47 b,4.1591399,136,1.13646,0.0563925,0.0563925,0.0563925,1.15,0.04,0.02,0.03,0.9842,0.0665,0.0798,0.07315,Hellier 2012,http://adsabs.harvard.edu/abs/2012MNRAS.426..739H,Hellier 2012,http://adsabs.harvard.edu/abs/2012MNRAS.426..739H
WASP-48 b,2.143634,136.02,0.984236,0.0864907,0.0864907,0.0864907,1.67,0.08,0.08,0.08,0.2793,0.0532,0.0532,0.0532,Enoch 2011,http://adsabs.harvard.edu/abs/2011AJ....142...86E,Enoch 2011,http://adsabs.harvard.edu/abs/2011AJ....142...86E
WASP-49 b,2.7817387,56.8,0.378231,0.0262594,0.0262594,0.0262594,1.115,0.047,0.047,0.047,0.361998,0.0397799,0.0344761,0.037128,Lendl 2012,http://adsabs.harvard.edu/abs/2012A%26A...544A..72L,Lendl 2012,http://adsabs.harvard.edu/abs/2012A%26A...544A..72L
WASP-5 b,1.6284229,277.8,1.62423,0.055083,0.055083,0.055083,1.14,0.1,0.04,0.07,1.22,0.19,0.25,0.22,Triaud 2010,http://adsabs.harvard.edu/abs/2010A%26A...524A..25T,Triaud 2010,http://adsabs.harvard.edu/abs/2010A%26A...524A..25T
WASP-50 b,1.9550959,256.6,1.47244,0.0879343,0.0879343,0.0879343,1.153,0.048,0.048,0.048,1.27031,0.117351,0.117351,0.117351,Gillon 2011,http://adsabs.harvard.edu/abs/2011A%26A...533A..88G,Gillon 2011,http://adsabs.harvard.edu/abs/2011A%26A...533A..88G
WASP-52 b,1.7497798,84.3,0.457165,0.0222181,0.0222181,0.0222181,1.27,0.03,0.03,0.03,0.29172,0.02652,0.02652,0.02652,Hebrard 2013,http://adsabs.harvard.edu/abs/2013A%26A...549A.134H,Hebrard 2013,http://adsabs.harvard.edu/abs/2013A%26A...549A.134H
WASP-54 b,3.6936411,73,0.63273,0.0272235,0.0272235,0.0272235,1.653,0.09,0.083,0.0865,0.186966,0.027183,0.027183,0.027183,Faedi 2013,http://adsabs.harvard.edu/abs/2013A%26A...551A..73F,Faedi 2013,http://adsabs.harvard.edu/abs/2013A%26A...551A..73F
WASP-55 b,4.465633,70,0.571173,0.0377848,0.0377848,0.0377848,1.3,0.05,0.03,0.04,0.34476,0.02652,0.03978,0.03315,Hellier 2012,http://adsabs.harvard.edu/abs/2012MNRAS.426..739H,Hellier 2012,http://adsabs.harvard.edu/abs/2012MNRAS.426..739H
WASP-56 b,4.617101,69,0.605385,0.0404689,0.0404689,0.0404689,1.092,0.035,0.033,0.034,0.580788,0.06365,0.060994,0.062322,Faedi 2013,http://adsabs.harvard.edu/abs/2013A%26A...551A..73F,Faedi 2013,http://adsabs.harvard.edu/abs/2013A%26A...551A..73F
WASP-57 b,2.838971,100,0.675887,0.0523705,0.0523705,0.0523705,0.916,0.017,0.014,0.0155,0.11576,0.100776,0.094146,0.097461,Faedi 2013,http://adsabs.harvard.edu/abs/2013A%26A...551A..73F,Faedi 2013,http://adsabs.harvard.edu/abs/2013A%26A...551A..73F
WASP-58 b,5.01718,110.1,0.891379,0.0713296,0.0713296,0.0713296,1.37,0.2,0.2,0.2,0.45084,0.18564,0.18564,0.18564,Hebrard 2013,http://adsabs.harvard.edu/abs/2013A%26A...549A.134H,Hebrard 2013,http://adsabs.harvard.edu/abs/2013A%26A...549A.134H
WASP-59 b,7.919585,109.6,0.859095,0.0449723,0.0449723,0.0449723,0.775,0.068,0.068,0.068,2.3868,0.663,0.663,0.663,Hebrard 2013,http://adsabs.harvard.edu/abs/2013A%26A...549A.134H,Hebrard 2013,http://adsabs.harvard.edu/abs/2013A%26A...549A.134H
WASP-6 b,3.361006,74.3,0.52136,0.0204998,0.0204998,0.0204998,1.224,0.051,0.052,0.0515,0.3591,0.067,0.067,0.067,Gillon 2009,http://adsabs.harvard.edu/abs/2009A%26A...501..785G,Gillon 2009,http://adsabs.harvard.edu/abs/2009A%26A...501..785G
WASP-60 b,4.3050011,60.8,0.512143,0.0362524,0.0362524,0.0362524,0.86,0.12,0.12,0.12,1.0608,0.3978,0.3978,0.3978,Hebrard 2013,http://adsabs.harvard.edu/abs/2013A%26A...549A.134H,Hebrard 2013,http://adsabs.harvard.edu/abs/2013A%26A...549A.134H
WASP-61 b,3.8559,233,2.05491,0.078598,0.078598,0.078598,1.24,0.03,0.03,0.03,1.41882,0.11934,0.11934,0.11934,Hellier 2012,http://adsabs.harvard.edu/abs/2012MNRAS.426..739H,Hellier 2012,http://adsabs.harvard.edu/abs/2012MNRAS.426..739H
WASP-62 b,4.411953,60,0.56227,0.0418907,0.0418907,0.0418907,1.39,0.06,0.06,0.06,0.27846,0.03978,0.03978,0.03978,Hellier 2012,http://adsabs.harvard.edu/abs/2012MNRAS.426..739H,Hellier 2012,http://adsabs.harvard.edu/abs/2012MNRAS.426..739H
WASP-63 b,4.37808,39,0.378096,0.0316743,0.0316743,0.0316743,1.43,0.1,0.06,0.08,0.17238,0.02652,0.02652,0.02652,Hellier 2012,http://adsabs.harvard.edu/abs/2012MNRAS.426..739H,Hellier 2012,http://adsabs.harvard.edu/abs/2012MNRAS.426..739H
WASP-64 b,1.5732918,221,1.27137,0.0760245,0.0760245,0.0760245,1.271,0.039,0.039,0.039,0.820794,0.084864,0.068952,0.076908,Gillon 2013,http://adsabs.harvard.edu/abs/2013A%26A...552A..82G,Gillon 2013,http://adsabs.harvard.edu/abs/2013A%26A...552A..82G
WASP-66 b,4.086052,246,2.31346,0.132319,0.132319,0.132319,1.39,0.09,0.09,0.09,1.14036,0.22542,0.17238,0.1989,Hellier 2012,http://adsabs.harvard.edu/abs/2012MNRAS.426..739H,Hellier 2012,http://adsabs.harvard.edu/abs/2012MNRAS.426..739H
WASP-67 b,4.61442,56,0.41931,0.0329627,0.0329627,0.0329627,1.4,0.3,0.2,0.25,0.21216,0.10608,0.10608,0.10608,Hellier 2012,http://adsabs.harvard.edu/abs/2012MNRAS.426..739H,Hellier 2012,http://adsabs.harvard.edu/abs/2012MNRAS.426..739H
WASP-68 b,5.084298,97.9,0.957019,0.0368934,0.0368934,0.0368934,1.24,0.1,0.06,0.08,0.663,0.10608,0.14586,0.12597,Delrez 2014,http://adsabs.harvard.edu/abs/2014A%26A...563A.143D,Delrez 2014,http://adsabs.harvard.edu/abs/2014A%26A...563A.143D
WASP-69 b,3.8681382,38.1,0.259543,0.0184666,0.0184666,0.0184666,1.057,0.017,0.017,0.017,0.286703,0.0246751,0.0246751,0.0246751,Anderson 2014,http://adsabs.harvard.edu/abs/2014MNRAS.445.1114A,Anderson 2014,http://adsabs.harvard.edu/abs/2014MNRAS.445.1114A
WASP-7 b,4.954658,97,0.919279,0.126953,0.126953,0.126953,0.915,0.046,0.04,0.043,1.67,0.33,0.28,0.305,Hellier 2009,http://adsabs.harvard.edu/abs/2009ApJ...690L..89H,Hellier 2009,http://adsabs.harvard.edu/abs/2009ApJ...690L..89H
WASP-70 A b,3.7130203,72.3,0.590076,0.0255278,0.0255278,0.0255278,1.164,0.073,0.102,0.0875,0.375,0.104,0.06,0.082,Anderson 2014,http://adsabs.harvard.edu/abs/2014MNRAS.445.1114A,Anderson 2014,http://adsabs.harvard.edu/abs/2014MNRAS.445.1114A
WASP-71 b,2.9036747,236.4,2.242,0.08,0.08,0.08,1.5,0.11,0.11,0.11,0.88842,0.18564,0.18564,0.18564,Smith 2013,http://adsabs.harvard.edu/abs/2013A%26A...552A.120S,Smith 2013,http://adsabs.harvard.edu/abs/2013A%26A...552A.120S
WASP-72 b,2.216726,181.3,1.40771,0.0593514,0.0593514,0.0593514,1.01,0.12,0.18,0.15,1.80336,0.49062,0.49062,0.49062,Gillon 2013,http://adsabs.harvard.edu/abs/2013A%26A...552A..82G,Gillon 2013,http://adsabs.harvard.edu/abs/2013A%26A...552A..82G
WASP-73 b,4.08722,196.3,1.88059,0.0738997,0.0738997,0.0738997,1.16,0.12,0.08,0.1,1.5912,0.3448,0.3978,0.3713,Delrez 2014,http://adsabs.harvard.edu/abs/2014A%26A...563A.143D,Delrez 2014,http://adsabs.harvard.edu/abs/2014A%26A...563A.143D
WASP-74 b,2.13775,114.1,0.95,0.06,0.06,0.06,1.56,0.06,0.06,0.06,0.333,0.027,0.027,0.027,Hellier 2015,http://adsabs.harvard.edu/abs/2015AJ....150...18H,Hellier 2015,http://adsabs.harvard.edu/abs/2015AJ....150...18H
WASP-75 b,2.484193,146,1.07,0.05,0.05,0.05,1.27,0.048,0.048,0.048,0.52,0.06,0.05,0.055,Gomez 2013,http://adsabs.harvard.edu/abs/2013arXiv1307.6532G,Gomez 2013,http://adsabs.harvard.edu/abs/2013arXiv1307.6532G
WASP-77 A b,1.3600309,321.9,1.75921,0.0623904,0.0623904,0.0623904,1.21,0.02,0.02,0.02,1.326,0.0397799,0.0397799,0.0397799,Maxted 2013,http://adsabs.harvard.edu/abs/2013PASP..125...48M,Maxted 2013,http://adsabs.harvard.edu/abs/2013PASP..125...48M
WASP-78 b,2.17517656,113.8,0.883997,0.0805911,0.0805911,0.0805911,1.7,0.11,0.11,0.11,0.18,0.04,0.04,0.04,Smalley 2012,http://adsabs.harvard.edu/abs/2012A%26A...547A..61S,Smalley 2012,http://adsabs.harvard.edu/abs/2012A%26A...547A..61S
WASP-79 b,3.6623817,88.2,0.887514,0.0836078,0.0836078,0.0836078,1.7,0.11,0.11,0.11,0.18,0.04,0.04,0.04,Smalley 2012,http://adsabs.harvard.edu/abs/2012A%26A...547A..61S,Smalley 2012,http://adsabs.harvard.edu/abs/2012A%26A...547A..61S
WASP-8 b,8.158715,222.23,2.13797,0.0798674,0.0798674,0.0798674,1.038,0.007,0.047,0.027,2.53485,0.267156,0.267156,0.267156,Queloz 2010,http://adsabs.harvard.edu/abs/2010A%26A...517L...1Q,Queloz 2010,http://adsabs.harvard.edu/abs/2010A%26A...517L...1Q
WASP-80 b,3.0678504,110.9,0.551763,0.035372,0.035372,0.035372,0.952,0.027,0.026,0.0265,0.734604,0.03978,0.051714,0.045747,Triaud 2013,http://adsabs.harvard.edu/abs/2013A%26A...551A..80T,Triaud 2013,http://adsabs.harvard.edu/abs/2013A%26A...551A..80T
WASP-82 b,2.705785,130.7,1.25,0.05,0.05,0.05,1.67,0.07,0.05,0.06,0.33,0.04,0.04,0.04,Smith 2015,http://adsabs.harvard.edu/abs/2015AcA....65..117S,Smith 2015,http://adsabs.harvard.edu/abs/2015AcA....65..117S
WASP-83 b,4.971252,32.9,0.3,0.03,0.03,0.03,1.04,0.08,0.05,0.065,0.35,0.07,0.07,0.07,Hellier 2015,http://adsabs.harvard.edu/abs/2015AJ....150...18H,Hellier 2015,http://adsabs.harvard.edu/abs/2015AJ....150...18H
WASP-84 b,8.5234865,77.4,0.69431,0.0292713,0.0292713,0.0292713,0.942,0.022,0.022,0.022,1.1014,0.0900707,0.0900707,0.0900707,Anderson 2014,http://adsabs.harvard.edu/abs/2014MNRAS.445.1114A,Anderson 2014,http://adsabs.harvard.edu/abs/2014MNRAS.445.1114A
WASP-88 b,4.954,52.4,0.563545,0.0733797,0.0733797,0.0733797,1.7,0.13,0.07,0.1,0.14586,0.03978,0.03978,0.03978,Delrez 2014,http://adsabs.harvard.edu/abs/2014A%26A...563A.143D,Delrez 2014,http://adsabs.harvard.edu/abs/2014A%26A...563A.143D
WASP-89 b,3.3564227,848,5.82191,0.349242,0.349242,0.349242,1.04,0.04,0.04,0.04,7.01,0.44,0.44,0.44,Hellier 2015,http://adsabs.harvard.edu/abs/2015AJ....150...18H,Hellier 2015,http://adsabs.harvard.edu/abs/2015AJ....150...18H
WASP-94 A b,3.9501907,45.4,0.41865,0.0333256,0.0333256,0.0333256,1.72,0.06,0.05,0.055,0.118,0.001,0.001,0.001,Neveu-VanMalle 2014,http://adsabs.harvard.edu/abs/2014A%26A...572A..49N,Neveu-VanMalle 2014,http://adsabs.harvard.edu/abs/2014A%26A...572A..49N
WASP-95 b,2.184673,175.7,1.13,0.1,0.04,0.07,1.21,0.06,0.06,0.06,0.85,0.07,0.2,0.135,Hellier 2013,http://adsabs.harvard.edu/abs/2014MNRAS.440.1982H,Hellier 2013,http://adsabs.harvard.edu/abs/2014MNRAS.440.1982H
WASP-96 b,3.4252602,62,0.48,0.03,0.03,0.03,1.2,0.06,0.06,0.06,0.28,0.04,0.04,0.04,Hellier 2013,http://adsabs.harvard.edu/abs/2014MNRAS.440.1982H,Hellier 2013,http://adsabs.harvard.edu/abs/2014MNRAS.440.1982H
WASP-97 b,2.07276,194.5,1.32,0.05,0.05,0.05,1.13,0.06,0.06,0.06,0.91,0.11,0.11,0.11,Hellier 2013,http://adsabs.harvard.edu/abs/2014MNRAS.440.1982H,Hellier 2013,http://adsabs.harvard.edu/abs/2014MNRAS.440.1982H
WASP-98 b,2.96264,150,0.83,0.07,0.07,0.07,1.1,0.04,0.04,0.04,0.63,0.06,0.06,0.06,Hellier 2013,http://adsabs.harvard.edu/abs/2014MNRAS.440.1982H,Hellier 2013,http://adsabs.harvard.edu/abs/2014MNRAS.440.1982H
WASP-99 b,5.75251,242.2,2.78,0.13,0.13,0.13,1.1,0.08,0.05,0.065,2.1,0.3,0.3,0.3,Hellier 2013,http://adsabs.harvard.edu/abs/2014MNRAS.440.1982H,Hellier 2013,http://adsabs.harvard.edu/abs/2014MNRAS.440.1982H
WTS-1 b,3.352059,479,3.99885,0.359474,0.359474,0.359474,1.49,0.16,0.18,0.17,1.61,0.56,0.56,0.56,Cappetta 2012,http://adsabs.harvard.edu/abs/2012MNRAS.427.1877C,Cappetta 2012,http://adsabs.harvard.edu/abs/2012MNRAS.427.1877C
WTS-2 b,1.0187074,256,1.12,0.16,0.16,0.16,1.3,0.058,0.058,0.058,0.63,0.12,0.12,0.12,Birkby 2014,http://adsabs.harvard.edu/abs/2014MNRAS.440.1470B,Birkby 2014,http://adsabs.harvard.edu/abs/2014MNRAS.440.1470B
XO-1 b,3.941534,116,0.918464,0.0794523,0.0794523,0.0794523,1.206,0.047,0.042,0.0445,0.65,0.096,0.084,0.09,Torres 2008,http://adsabs.harvard.edu/abs/2008ApJ...677.1324T,McCullough 2006,http://adsabs.harvard.edu/abs/2006ApJ...648.1228M
XO-2 b,2.615857,85,0.566541,0.0565565,0.0565565,0.0565565,0.983,0.029,0.028,0.0285,0.741,0.1,0.09,0.095,Torres 2008,http://adsabs.harvard.edu/abs/2008ApJ...677.1324T,Burke 2007,http://adsabs.harvard.edu/abs/2007ApJ...671.2115B
XO-3 b,3.1915426,1488,13.2849,0.444146,0.444146,0.444146,1.217,0.073,0.073,0.073,3.92729,1.00626,1.00626,1.00626,Johns-Krull 2008,http://adsabs.harvard.edu/abs/2008ApJ...677..657J,Winn 2009,http://adsabs.harvard.edu/abs/2009ApJ...700..302W
XO-4 b,4.1250828,168.6,1.60254,0.0795209,0.0795209,0.0795209,1.33,0.05,0.05,0.05,0.903229,0.111296,0.111296,0.111296,Narita 2010,http://adsabs.harvard.edu/abs/2010PASJ...62L..61N,Narita 2010,http://adsabs.harvard.edu/abs/2010PASJ...62L..61N
XO-5 b,4.1877537,145,1.15251,0.0881513,0.0881513,0.0881513,1.03,0.06,0.05,0.055,1.27,0.19,0.17,0.18,Maciejewski 2011,http://adsabs.harvard.edu/abs/2011AcA....61...25M,Burke 2008,http://adsabs.harvard.edu/abs/2008ApJ...686.1331B
WASP-47 e,,,0.038,0.012,0.012,,0.163,0.006,0.006,,,,,,,,,
HD 219134 b,,,0.012,0.001,0.001,,0.1433,0.0077,0.0077,,,,,,,,,
Kepler-51 b,,,0.006607306,0.004719504,0.002517069,,0.633420704,0.026764255,0.026764255,,,,,,,,,
Kepler-51 c,,,0.012585344,0.001258534,0.001258534,,0.802927653,0.249799714,0.151664112,,,,,,,,,